"Benchmark","Mode","Threads","Samples","Score","Score Error (99.9%)","Unit","Param: boosterType","Param: numberOfColumns","Param: numberOfRows"
"benchmark.Main.benchPMML","sample",1,45046,1.099656,0.022351,"ms/op",LINEAR,100,100
"benchmark.Main.benchPMML:benchPMML·p0.00","sample",1,1,0.883712,NaN,"ms/op",LINEAR,100,100
"benchmark.Main.benchPMML:benchPMML·p0.50","sample",1,1,0.978944,NaN,"ms/op",LINEAR,100,100
"benchmark.Main.benchPMML:benchPMML·p0.90","sample",1,1,1.245184,NaN,"ms/op",LINEAR,100,100
"benchmark.Main.benchPMML:benchPMML·p0.95","sample",1,1,1.490944,NaN,"ms/op",LINEAR,100,100
"benchmark.Main.benchPMML:benchPMML·p0.99","sample",1,1,2.187264,NaN,"ms/op",LINEAR,100,100
"benchmark.Main.benchPMML:benchPMML·p0.999","sample",1,1,35.586048,NaN,"ms/op",LINEAR,100,100
"benchmark.Main.benchPMML:benchPMML·p0.9999","sample",1,1,50.901759,NaN,"ms/op",LINEAR,100,100
"benchmark.Main.benchPMML:benchPMML·p1.00","sample",1,1,60.358656,NaN,"ms/op",LINEAR,100,100
"benchmark.Main.benchPMML","sample",1,14126,4.656900,0.052207,"ms/op",LINEAR,100,500
"benchmark.Main.benchPMML:benchPMML·p0.00","sample",1,1,4.186112,NaN,"ms/op",LINEAR,100,500
"benchmark.Main.benchPMML:benchPMML·p0.50","sample",1,1,4.366336,NaN,"ms/op",LINEAR,100,500
"benchmark.Main.benchPMML:benchPMML·p0.90","sample",1,1,4.784128,NaN,"ms/op",LINEAR,100,500
"benchmark.Main.benchPMML:benchPMML·p0.95","sample",1,1,5.021696,NaN,"ms/op",LINEAR,100,500
"benchmark.Main.benchPMML:benchPMML·p0.99","sample",1,1,9.191424,NaN,"ms/op",LINEAR,100,500
"benchmark.Main.benchPMML:benchPMML·p0.999","sample",1,1,25.985024,NaN,"ms/op",LINEAR,100,500
"benchmark.Main.benchPMML:benchPMML·p0.9999","sample",1,1,35.454976,NaN,"ms/op",LINEAR,100,500
"benchmark.Main.benchPMML:benchPMML·p1.00","sample",1,1,35.454976,NaN,"ms/op",LINEAR,100,500
"benchmark.Main.benchPMML","sample",1,7183,9.480630,0.094511,"ms/op",LINEAR,100,1000
"benchmark.Main.benchPMML:benchPMML·p0.00","sample",1,1,8.175616,NaN,"ms/op",LINEAR,100,1000
"benchmark.Main.benchPMML:benchPMML·p0.50","sample",1,1,8.978432,NaN,"ms/op",LINEAR,100,1000
"benchmark.Main.benchPMML:benchPMML·p0.90","sample",1,1,10.518528,NaN,"ms/op",LINEAR,100,1000
"benchmark.Main.benchPMML:benchPMML·p0.95","sample",1,1,11.993088,NaN,"ms/op",LINEAR,100,1000
"benchmark.Main.benchPMML:benchPMML·p0.99","sample",1,1,24.969216,NaN,"ms/op",LINEAR,100,1000
"benchmark.Main.benchPMML:benchPMML·p0.999","sample",1,1,30.695490,NaN,"ms/op",LINEAR,100,1000
"benchmark.Main.benchPMML:benchPMML·p0.9999","sample",1,1,37.814272,NaN,"ms/op",LINEAR,100,1000
"benchmark.Main.benchPMML:benchPMML·p1.00","sample",1,1,37.814272,NaN,"ms/op",LINEAR,100,1000
"benchmark.Main.benchPMML","sample",1,11185,5.365107,0.087168,"ms/op",LINEAR,500,100
"benchmark.Main.benchPMML:benchPMML·p0.00","sample",1,1,4.857856,NaN,"ms/op",LINEAR,500,100
"benchmark.Main.benchPMML:benchPMML·p0.50","sample",1,1,5.013504,NaN,"ms/op",LINEAR,500,100
"benchmark.Main.benchPMML:benchPMML·p0.90","sample",1,1,5.365760,NaN,"ms/op",LINEAR,500,100
"benchmark.Main.benchPMML:benchPMML·p0.95","sample",1,1,5.677056,NaN,"ms/op",LINEAR,500,100
"benchmark.Main.benchPMML:benchPMML·p0.99","sample",1,1,9.261548,NaN,"ms/op",LINEAR,500,100
"benchmark.Main.benchPMML:benchPMML·p0.999","sample",1,1,40.935621,NaN,"ms/op",LINEAR,500,100
"benchmark.Main.benchPMML:benchPMML·p0.9999","sample",1,1,44.578963,NaN,"ms/op",LINEAR,500,100
"benchmark.Main.benchPMML:benchPMML·p1.00","sample",1,1,44.695552,NaN,"ms/op",LINEAR,500,100
"benchmark.Main.benchPMML","sample",1,2852,26.477808,0.257869,"ms/op",LINEAR,500,500
"benchmark.Main.benchPMML:benchPMML·p0.00","sample",1,1,23.396352,NaN,"ms/op",LINEAR,500,500
"benchmark.Main.benchPMML:benchPMML·p0.50","sample",1,1,25.411584,NaN,"ms/op",LINEAR,500,500
"benchmark.Main.benchPMML:benchPMML·p0.90","sample",1,1,28.114944,NaN,"ms/op",LINEAR,500,500
"benchmark.Main.benchPMML:benchPMML·p0.95","sample",1,1,28.880077,NaN,"ms/op",LINEAR,500,500
"benchmark.Main.benchPMML:benchPMML·p0.99","sample",1,1,47.872082,NaN,"ms/op",LINEAR,500,500
"benchmark.Main.benchPMML:benchPMML·p0.999","sample",1,1,50.613060,NaN,"ms/op",LINEAR,500,500
"benchmark.Main.benchPMML:benchPMML·p0.9999","sample",1,1,53.542912,NaN,"ms/op",LINEAR,500,500
"benchmark.Main.benchPMML:benchPMML·p1.00","sample",1,1,53.542912,NaN,"ms/op",LINEAR,500,500
"benchmark.Main.benchPMML","sample",1,1379,52.352809,0.653730,"ms/op",LINEAR,500,1000
"benchmark.Main.benchPMML:benchPMML·p0.00","sample",1,1,47.906816,NaN,"ms/op",LINEAR,500,1000
"benchmark.Main.benchPMML:benchPMML·p0.50","sample",1,1,50.397184,NaN,"ms/op",LINEAR,500,1000
"benchmark.Main.benchPMML:benchPMML·p0.90","sample",1,1,62.849024,NaN,"ms/op",LINEAR,500,1000
"benchmark.Main.benchPMML:benchPMML·p0.95","sample",1,1,66.322432,NaN,"ms/op",LINEAR,500,1000
"benchmark.Main.benchPMML:benchPMML·p0.99","sample",1,1,86.219162,NaN,"ms/op",LINEAR,500,1000
"benchmark.Main.benchPMML:benchPMML·p0.999","sample",1,1,114.811208,NaN,"ms/op",LINEAR,500,1000
"benchmark.Main.benchPMML:benchPMML·p0.9999","sample",1,1,119.144448,NaN,"ms/op",LINEAR,500,1000
"benchmark.Main.benchPMML:benchPMML·p1.00","sample",1,1,119.144448,NaN,"ms/op",LINEAR,500,1000
"benchmark.Main.benchPMML","sample",1,5851,10.721464,0.188164,"ms/op",LINEAR,1000,100
"benchmark.Main.benchPMML:benchPMML·p0.00","sample",1,1,9.502720,NaN,"ms/op",LINEAR,1000,100
"benchmark.Main.benchPMML:benchPMML·p0.50","sample",1,1,10.010624,NaN,"ms/op",LINEAR,1000,100
"benchmark.Main.benchPMML:benchPMML·p0.90","sample",1,1,11.026432,NaN,"ms/op",LINEAR,1000,100
"benchmark.Main.benchPMML:benchPMML·p0.95","sample",1,1,11.976704,NaN,"ms/op",LINEAR,1000,100
"benchmark.Main.benchPMML:benchPMML·p0.99","sample",1,1,43.547361,NaN,"ms/op",LINEAR,1000,100
"benchmark.Main.benchPMML:benchPMML·p0.999","sample",1,1,52.166394,NaN,"ms/op",LINEAR,1000,100
"benchmark.Main.benchPMML:benchPMML·p0.9999","sample",1,1,59.899904,NaN,"ms/op",LINEAR,1000,100
"benchmark.Main.benchPMML:benchPMML·p1.00","sample",1,1,59.899904,NaN,"ms/op",LINEAR,1000,100
"benchmark.Main.benchPMML","sample",1,1340,56.758920,0.933272,"ms/op",LINEAR,1000,500
"benchmark.Main.benchPMML:benchPMML·p0.00","sample",1,1,52.035584,NaN,"ms/op",LINEAR,1000,500
"benchmark.Main.benchPMML:benchPMML·p0.50","sample",1,1,53.673984,NaN,"ms/op",LINEAR,1000,500
"benchmark.Main.benchPMML:benchPMML·p0.90","sample",1,1,69.979341,NaN,"ms/op",LINEAR,1000,500
"benchmark.Main.benchPMML:benchPMML·p0.95","sample",1,1,74.055680,NaN,"ms/op",LINEAR,1000,500
"benchmark.Main.benchPMML:benchPMML·p0.99","sample",1,1,110.362624,NaN,"ms/op",LINEAR,1000,500
"benchmark.Main.benchPMML:benchPMML·p0.999","sample",1,1,161.175306,NaN,"ms/op",LINEAR,1000,500
"benchmark.Main.benchPMML:benchPMML·p0.9999","sample",1,1,166.985728,NaN,"ms/op",LINEAR,1000,500
"benchmark.Main.benchPMML:benchPMML·p1.00","sample",1,1,166.985728,NaN,"ms/op",LINEAR,1000,500
"benchmark.Main.benchPMML","sample",1,693,111.591826,1.748331,"ms/op",LINEAR,1000,1000
"benchmark.Main.benchPMML:benchPMML·p0.00","sample",1,1,104.464384,NaN,"ms/op",LINEAR,1000,1000
"benchmark.Main.benchPMML:benchPMML·p0.50","sample",1,1,107.085824,NaN,"ms/op",LINEAR,1000,1000
"benchmark.Main.benchPMML:benchPMML·p0.90","sample",1,1,122.159104,NaN,"ms/op",LINEAR,1000,1000
"benchmark.Main.benchPMML:benchPMML·p0.95","sample",1,1,125.894656,NaN,"ms/op",LINEAR,1000,1000
"benchmark.Main.benchPMML:benchPMML·p0.99","sample",1,1,179.956613,NaN,"ms/op",LINEAR,1000,1000
"benchmark.Main.benchPMML:benchPMML·p0.999","sample",1,1,231.473152,NaN,"ms/op",LINEAR,1000,1000
"benchmark.Main.benchPMML:benchPMML·p0.9999","sample",1,1,231.473152,NaN,"ms/op",LINEAR,1000,1000
"benchmark.Main.benchPMML:benchPMML·p1.00","sample",1,1,231.473152,NaN,"ms/op",LINEAR,1000,1000
"benchmark.Main.benchPMML","sample",1,12544,6.718495,0.032612,"ms/op",TREE,100,100
"benchmark.Main.benchPMML:benchPMML·p0.00","sample",1,1,6.127616,NaN,"ms/op",TREE,100,100
"benchmark.Main.benchPMML:benchPMML·p0.50","sample",1,1,6.447104,NaN,"ms/op",TREE,100,100
"benchmark.Main.benchPMML:benchPMML·p0.90","sample",1,1,7.036928,NaN,"ms/op",TREE,100,100
"benchmark.Main.benchPMML:benchPMML·p0.95","sample",1,1,7.780352,NaN,"ms/op",TREE,100,100
"benchmark.Main.benchPMML:benchPMML·p0.99","sample",1,1,13.385728,NaN,"ms/op",TREE,100,100
"benchmark.Main.benchPMML:benchPMML·p0.999","sample",1,1,15.512699,NaN,"ms/op",TREE,100,100
"benchmark.Main.benchPMML:benchPMML·p0.9999","sample",1,1,26.218775,NaN,"ms/op",TREE,100,100
"benchmark.Main.benchPMML:benchPMML·p1.00","sample",1,1,27.361280,NaN,"ms/op",TREE,100,100
"benchmark.Main.benchPMML","sample",1,2744,33.632184,0.300692,"ms/op",TREE,100,500
"benchmark.Main.benchPMML:benchPMML·p0.00","sample",1,1,30.769152,NaN,"ms/op",TREE,100,500
"benchmark.Main.benchPMML:benchPMML·p0.50","sample",1,1,31.948800,NaN,"ms/op",TREE,100,500
"benchmark.Main.benchPMML:benchPMML·p0.90","sample",1,1,37.126144,NaN,"ms/op",TREE,100,500
"benchmark.Main.benchPMML:benchPMML·p0.95","sample",1,1,44.466176,NaN,"ms/op",TREE,100,500
"benchmark.Main.benchPMML:benchPMML·p0.99","sample",1,1,56.462541,NaN,"ms/op",TREE,100,500
"benchmark.Main.benchPMML:benchPMML·p0.999","sample",1,1,65.572045,NaN,"ms/op",TREE,100,500
"benchmark.Main.benchPMML:benchPMML·p0.9999","sample",1,1,71.827456,NaN,"ms/op",TREE,100,500
"benchmark.Main.benchPMML:benchPMML·p1.00","sample",1,1,71.827456,NaN,"ms/op",TREE,100,500
"benchmark.Main.benchPMML","sample",1,1459,64.562258,0.297760,"ms/op",TREE,100,1000
"benchmark.Main.benchPMML:benchPMML·p0.00","sample",1,1,61.014016,NaN,"ms/op",TREE,100,1000
"benchmark.Main.benchPMML:benchPMML·p0.50","sample",1,1,63.832064,NaN,"ms/op",TREE,100,1000
"benchmark.Main.benchPMML:benchPMML·p0.90","sample",1,1,67.239936,NaN,"ms/op",TREE,100,1000
"benchmark.Main.benchPMML:benchPMML·p0.95","sample",1,1,68.943872,NaN,"ms/op",TREE,100,1000
"benchmark.Main.benchPMML:benchPMML·p0.99","sample",1,1,85.721088,NaN,"ms/op",TREE,100,1000
"benchmark.Main.benchPMML:benchPMML·p0.999","sample",1,1,95.139922,NaN,"ms/op",TREE,100,1000
"benchmark.Main.benchPMML:benchPMML·p0.9999","sample",1,1,95.682560,NaN,"ms/op",TREE,100,1000
"benchmark.Main.benchPMML:benchPMML·p1.00","sample",1,1,95.682560,NaN,"ms/op",TREE,100,1000
"benchmark.Main.benchPMML","sample",1,9529,6.762655,0.089121,"ms/op",TREE,500,100
"benchmark.Main.benchPMML:benchPMML·p0.00","sample",1,1,6.094848,NaN,"ms/op",TREE,500,100
"benchmark.Main.benchPMML:benchPMML·p0.50","sample",1,1,6.324224,NaN,"ms/op",TREE,500,100
"benchmark.Main.benchPMML:benchPMML·p0.90","sample",1,1,6.807552,NaN,"ms/op",TREE,500,100
"benchmark.Main.benchPMML:benchPMML·p0.95","sample",1,1,7.471104,NaN,"ms/op",TREE,500,100
"benchmark.Main.benchPMML:benchPMML·p0.99","sample",1,1,29.186458,NaN,"ms/op",TREE,500,100
"benchmark.Main.benchPMML:benchPMML·p0.999","sample",1,1,33.978450,NaN,"ms/op",TREE,500,100
"benchmark.Main.benchPMML:benchPMML·p0.9999","sample",1,1,34.799616,NaN,"ms/op",TREE,500,100
"benchmark.Main.benchPMML:benchPMML·p1.00","sample",1,1,34.799616,NaN,"ms/op",TREE,500,100
"benchmark.Main.benchPMML","sample",1,2415,31.994404,0.204631,"ms/op",TREE,500,500
"benchmark.Main.benchPMML:benchPMML·p0.00","sample",1,1,30.408704,NaN,"ms/op",TREE,500,500
"benchmark.Main.benchPMML:benchPMML·p0.50","sample",1,1,31.129600,NaN,"ms/op",TREE,500,500
"benchmark.Main.benchPMML:benchPMML·p0.90","sample",1,1,32.669696,NaN,"ms/op",TREE,500,500
"benchmark.Main.benchPMML:benchPMML·p0.95","sample",1,1,42.795008,NaN,"ms/op",TREE,500,500
"benchmark.Main.benchPMML:benchPMML·p0.99","sample",1,1,45.668106,NaN,"ms/op",TREE,500,500
"benchmark.Main.benchPMML:benchPMML·p0.999","sample",1,1,47.956099,NaN,"ms/op",TREE,500,500
"benchmark.Main.benchPMML:benchPMML·p0.9999","sample",1,1,48.234496,NaN,"ms/op",TREE,500,500
"benchmark.Main.benchPMML:benchPMML·p1.00","sample",1,1,48.234496,NaN,"ms/op",TREE,500,500
"benchmark.Main.benchPMML","sample",1,1156,63.456139,0.331663,"ms/op",TREE,500,1000
"benchmark.Main.benchPMML:benchPMML·p0.00","sample",1,1,60.489728,NaN,"ms/op",TREE,500,1000
"benchmark.Main.benchPMML:benchPMML·p0.50","sample",1,1,62.193664,NaN,"ms/op",TREE,500,1000
"benchmark.Main.benchPMML:benchPMML·p0.90","sample",1,1,71.041024,NaN,"ms/op",TREE,500,1000
"benchmark.Main.benchPMML:benchPMML·p0.95","sample",1,1,72.613888,NaN,"ms/op",TREE,500,1000
"benchmark.Main.benchPMML:benchPMML·p0.99","sample",1,1,74.767401,NaN,"ms/op",TREE,500,1000
"benchmark.Main.benchPMML:benchPMML·p0.999","sample",1,1,80.868278,NaN,"ms/op",TREE,500,1000
"benchmark.Main.benchPMML:benchPMML·p0.9999","sample",1,1,81.526784,NaN,"ms/op",TREE,500,1000
"benchmark.Main.benchPMML:benchPMML·p1.00","sample",1,1,81.526784,NaN,"ms/op",TREE,500,1000
"benchmark.Main.benchPMML","sample",1,7689,6.704840,0.155633,"ms/op",TREE,1000,100
"benchmark.Main.benchPMML:benchPMML·p0.00","sample",1,1,5.914624,NaN,"ms/op",TREE,1000,100
"benchmark.Main.benchPMML:benchPMML·p0.50","sample",1,1,6.193152,NaN,"ms/op",TREE,1000,100
"benchmark.Main.benchPMML:benchPMML·p0.90","sample",1,1,6.455296,NaN,"ms/op",TREE,1000,100
"benchmark.Main.benchPMML:benchPMML·p0.95","sample",1,1,6.758400,NaN,"ms/op",TREE,1000,100
"benchmark.Main.benchPMML:benchPMML·p0.99","sample",1,1,42.074112,NaN,"ms/op",TREE,1000,100
"benchmark.Main.benchPMML:benchPMML·p0.999","sample",1,1,46.354268,NaN,"ms/op",TREE,1000,100
"benchmark.Main.benchPMML:benchPMML·p0.9999","sample",1,1,48.627712,NaN,"ms/op",TREE,1000,100
"benchmark.Main.benchPMML:benchPMML·p1.00","sample",1,1,48.627712,NaN,"ms/op",TREE,1000,100
"benchmark.Main.benchPMML","sample",1,2034,32.046814,0.350095,"ms/op",TREE,1000,500
"benchmark.Main.benchPMML:benchPMML·p0.00","sample",1,1,29.786112,NaN,"ms/op",TREE,1000,500
"benchmark.Main.benchPMML:benchPMML·p0.50","sample",1,1,30.834688,NaN,"ms/op",TREE,1000,500
"benchmark.Main.benchPMML:benchPMML·p0.90","sample",1,1,32.210944,NaN,"ms/op",TREE,1000,500
"benchmark.Main.benchPMML:benchPMML·p0.95","sample",1,1,49.938432,NaN,"ms/op",TREE,1000,500
"benchmark.Main.benchPMML:benchPMML·p0.99","sample",1,1,52.995686,NaN,"ms/op",TREE,1000,500
"benchmark.Main.benchPMML:benchPMML·p0.999","sample",1,1,54.193684,NaN,"ms/op",TREE,1000,500
"benchmark.Main.benchPMML:benchPMML·p0.9999","sample",1,1,54.263808,NaN,"ms/op",TREE,1000,500
"benchmark.Main.benchPMML:benchPMML·p1.00","sample",1,1,54.263808,NaN,"ms/op",TREE,1000,500
"benchmark.Main.benchPMML","sample",1,1020,64.968535,0.786909,"ms/op",TREE,1000,1000
"benchmark.Main.benchPMML:benchPMML·p0.00","sample",1,1,60.227584,NaN,"ms/op",TREE,1000,1000
"benchmark.Main.benchPMML:benchPMML·p0.50","sample",1,1,62.062592,NaN,"ms/op",TREE,1000,1000
"benchmark.Main.benchPMML:benchPMML·p0.90","sample",1,1,76.808192,NaN,"ms/op",TREE,1000,1000
"benchmark.Main.benchPMML:benchPMML·p0.95","sample",1,1,79.160934,NaN,"ms/op",TREE,1000,1000
"benchmark.Main.benchPMML:benchPMML·p0.99","sample",1,1,96.759972,NaN,"ms/op",TREE,1000,1000
"benchmark.Main.benchPMML:benchPMML·p0.999","sample",1,1,134.020596,NaN,"ms/op",TREE,1000,1000
"benchmark.Main.benchPMML:benchPMML·p0.9999","sample",1,1,134.086656,NaN,"ms/op",TREE,1000,1000
"benchmark.Main.benchPMML:benchPMML·p1.00","sample",1,1,134.086656,NaN,"ms/op",TREE,1000,1000
"benchmark.Main.benchRJavaCaret","sample",1,16800,4.853627,0.095590,"ms/op",LINEAR,100,100
"benchmark.Main.benchRJavaCaret:benchRJavaCaret·p0.00","sample",1,1,4.100096,NaN,"ms/op",LINEAR,100,100
"benchmark.Main.benchRJavaCaret:benchRJavaCaret·p0.50","sample",1,1,4.358144,NaN,"ms/op",LINEAR,100,100
"benchmark.Main.benchRJavaCaret:benchRJavaCaret·p0.90","sample",1,1,6.209536,NaN,"ms/op",LINEAR,100,100
"benchmark.Main.benchRJavaCaret:benchRJavaCaret·p0.95","sample",1,1,6.684672,NaN,"ms/op",LINEAR,100,100
"benchmark.Main.benchRJavaCaret:benchRJavaCaret·p0.99","sample",1,1,9.240412,NaN,"ms/op",LINEAR,100,100
"benchmark.Main.benchRJavaCaret:benchRJavaCaret·p0.999","sample",1,1,94.791139,NaN,"ms/op",LINEAR,100,100
"benchmark.Main.benchRJavaCaret:benchRJavaCaret·p0.9999","sample",1,1,110.206819,NaN,"ms/op",LINEAR,100,100
"benchmark.Main.benchRJavaCaret:benchRJavaCaret·p1.00","sample",1,1,135.790592,NaN,"ms/op",LINEAR,100,100
"benchmark.Main.benchRJavaCaret","sample",1,12295,5.371186,0.031963,"ms/op",LINEAR,100,500
"benchmark.Main.benchRJavaCaret:benchRJavaCaret·p0.00","sample",1,1,4.521984,NaN,"ms/op",LINEAR,100,500
"benchmark.Main.benchRJavaCaret:benchRJavaCaret·p0.50","sample",1,1,4.915200,NaN,"ms/op",LINEAR,100,500
"benchmark.Main.benchRJavaCaret:benchRJavaCaret·p0.90","sample",1,1,6.725632,NaN,"ms/op",LINEAR,100,500
"benchmark.Main.benchRJavaCaret:benchRJavaCaret·p0.95","sample",1,1,7.431782,NaN,"ms/op",LINEAR,100,500
"benchmark.Main.benchRJavaCaret:benchRJavaCaret·p0.99","sample",1,1,10.044047,NaN,"ms/op",LINEAR,100,500
"benchmark.Main.benchRJavaCaret:benchRJavaCaret·p0.999","sample",1,1,12.360221,NaN,"ms/op",LINEAR,100,500
"benchmark.Main.benchRJavaCaret:benchRJavaCaret·p0.9999","sample",1,1,14.912612,NaN,"ms/op",LINEAR,100,500
"benchmark.Main.benchRJavaCaret:benchRJavaCaret·p1.00","sample",1,1,15.040512,NaN,"ms/op",LINEAR,100,500
"benchmark.Main.benchRJavaCaret","sample",1,8684,7.988407,0.455762,"ms/op",LINEAR,100,1000
"benchmark.Main.benchRJavaCaret:benchRJavaCaret·p0.00","sample",1,1,5.087232,NaN,"ms/op",LINEAR,100,1000
"benchmark.Main.benchRJavaCaret:benchRJavaCaret·p0.50","sample",1,1,5.554176,NaN,"ms/op",LINEAR,100,1000
"benchmark.Main.benchRJavaCaret:benchRJavaCaret·p0.90","sample",1,1,7.512064,NaN,"ms/op",LINEAR,100,1000
"benchmark.Main.benchRJavaCaret:benchRJavaCaret·p0.95","sample",1,1,9.535488,NaN,"ms/op",LINEAR,100,1000
"benchmark.Main.benchRJavaCaret:benchRJavaCaret·p0.99","sample",1,1,93.342925,NaN,"ms/op",LINEAR,100,1000
"benchmark.Main.benchRJavaCaret:benchRJavaCaret·p0.999","sample",1,1,105.094185,NaN,"ms/op",LINEAR,100,1000
"benchmark.Main.benchRJavaCaret:benchRJavaCaret·p0.9999","sample",1,1,134.479872,NaN,"ms/op",LINEAR,100,1000
"benchmark.Main.benchRJavaCaret:benchRJavaCaret·p1.00","sample",1,1,134.479872,NaN,"ms/op",LINEAR,100,1000
"benchmark.Main.benchRJavaCaret","sample",1,3362,26.334166,0.615469,"ms/op",LINEAR,500,100
"benchmark.Main.benchRJavaCaret:benchRJavaCaret·p0.00","sample",1,1,21.921792,NaN,"ms/op",LINEAR,500,100
"benchmark.Main.benchRJavaCaret:benchRJavaCaret·p0.50","sample",1,1,23.887872,NaN,"ms/op",LINEAR,500,100
"benchmark.Main.benchRJavaCaret:benchRJavaCaret·p0.90","sample",1,1,28.989850,NaN,"ms/op",LINEAR,500,100
"benchmark.Main.benchRJavaCaret:benchRJavaCaret·p0.95","sample",1,1,37.542298,NaN,"ms/op",LINEAR,500,100
"benchmark.Main.benchRJavaCaret:benchRJavaCaret·p0.99","sample",1,1,112.721920,NaN,"ms/op",LINEAR,500,100
"benchmark.Main.benchRJavaCaret:benchRJavaCaret·p0.999","sample",1,1,129.837695,NaN,"ms/op",LINEAR,500,100
"benchmark.Main.benchRJavaCaret:benchRJavaCaret·p0.9999","sample",1,1,185.335808,NaN,"ms/op",LINEAR,500,100
"benchmark.Main.benchRJavaCaret:benchRJavaCaret·p1.00","sample",1,1,185.335808,NaN,"ms/op",LINEAR,500,100
"benchmark.Main.benchRJavaCaret","sample",1,2568,29.994957,0.995845,"ms/op",LINEAR,500,500
"benchmark.Main.benchRJavaCaret:benchRJavaCaret·p0.00","sample",1,1,23.822336,NaN,"ms/op",LINEAR,500,500
"benchmark.Main.benchRJavaCaret:benchRJavaCaret·p0.50","sample",1,1,25.985024,NaN,"ms/op",LINEAR,500,500
"benchmark.Main.benchRJavaCaret:benchRJavaCaret·p0.90","sample",1,1,36.831232,NaN,"ms/op",LINEAR,500,500
"benchmark.Main.benchRJavaCaret:benchRJavaCaret·p0.95","sample",1,1,42.962125,NaN,"ms/op",LINEAR,500,500
"benchmark.Main.benchRJavaCaret:benchRJavaCaret·p0.99","sample",1,1,118.217769,NaN,"ms/op",LINEAR,500,500
"benchmark.Main.benchRJavaCaret:benchRJavaCaret·p0.999","sample",1,1,167.898513,NaN,"ms/op",LINEAR,500,500
"benchmark.Main.benchRJavaCaret:benchRJavaCaret·p0.9999","sample",1,1,196.345856,NaN,"ms/op",LINEAR,500,500
"benchmark.Main.benchRJavaCaret:benchRJavaCaret·p1.00","sample",1,1,196.345856,NaN,"ms/op",LINEAR,500,500
"benchmark.Main.benchRJavaCaret","sample",1,1863,37.144612,2.009991,"ms/op",LINEAR,500,1000
"benchmark.Main.benchRJavaCaret:benchRJavaCaret·p0.00","sample",1,1,26.247168,NaN,"ms/op",LINEAR,500,1000
"benchmark.Main.benchRJavaCaret:benchRJavaCaret·p0.50","sample",1,1,28.442624,NaN,"ms/op",LINEAR,500,1000
"benchmark.Main.benchRJavaCaret:benchRJavaCaret·p0.90","sample",1,1,113.586995,NaN,"ms/op",LINEAR,500,1000
"benchmark.Main.benchRJavaCaret:benchRJavaCaret·p0.95","sample",1,1,114.688000,NaN,"ms/op",LINEAR,500,1000
"benchmark.Main.benchRJavaCaret:benchRJavaCaret·p0.99","sample",1,1,116.308050,NaN,"ms/op",LINEAR,500,1000
"benchmark.Main.benchRJavaCaret:benchRJavaCaret·p0.999","sample",1,1,117.887205,NaN,"ms/op",LINEAR,500,1000
"benchmark.Main.benchRJavaCaret:benchRJavaCaret·p0.9999","sample",1,1,118.226944,NaN,"ms/op",LINEAR,500,1000
"benchmark.Main.benchRJavaCaret:benchRJavaCaret·p1.00","sample",1,1,118.226944,NaN,"ms/op",LINEAR,500,1000
"benchmark.Main.benchRJavaCaret","sample",1,1364,67.516590,1.440866,"ms/op",LINEAR,1000,100
"benchmark.Main.benchRJavaCaret:benchRJavaCaret·p0.00","sample",1,1,59.441152,NaN,"ms/op",LINEAR,1000,100
"benchmark.Main.benchRJavaCaret:benchRJavaCaret·p0.50","sample",1,1,64.225280,NaN,"ms/op",LINEAR,1000,100
"benchmark.Main.benchRJavaCaret:benchRJavaCaret·p0.90","sample",1,1,68.943872,NaN,"ms/op",LINEAR,1000,100
"benchmark.Main.benchRJavaCaret:benchRJavaCaret·p0.95","sample",1,1,76.840960,NaN,"ms/op",LINEAR,1000,100
"benchmark.Main.benchRJavaCaret:benchRJavaCaret·p0.99","sample",1,1,155.805286,NaN,"ms/op",LINEAR,1000,100
"benchmark.Main.benchRJavaCaret:benchRJavaCaret·p0.999","sample",1,1,211.691766,NaN,"ms/op",LINEAR,1000,100
"benchmark.Main.benchRJavaCaret:benchRJavaCaret·p0.9999","sample",1,1,231.211008,NaN,"ms/op",LINEAR,1000,100
"benchmark.Main.benchRJavaCaret:benchRJavaCaret·p1.00","sample",1,1,231.211008,NaN,"ms/op",LINEAR,1000,100
"benchmark.Main.benchRJavaCaret","sample",1,1089,74.642194,0.892295,"ms/op",LINEAR,1000,500
"benchmark.Main.benchRJavaCaret:benchRJavaCaret·p0.00","sample",1,1,68.550656,NaN,"ms/op",LINEAR,1000,500
"benchmark.Main.benchRJavaCaret:benchRJavaCaret·p0.50","sample",1,1,73.531392,NaN,"ms/op",LINEAR,1000,500
"benchmark.Main.benchRJavaCaret:benchRJavaCaret·p0.90","sample",1,1,76.677120,NaN,"ms/op",LINEAR,1000,500
"benchmark.Main.benchRJavaCaret:benchRJavaCaret·p0.95","sample",1,1,79.233024,NaN,"ms/op",LINEAR,1000,500
"benchmark.Main.benchRJavaCaret:benchRJavaCaret·p0.99","sample",1,1,107.937792,NaN,"ms/op",LINEAR,1000,500
"benchmark.Main.benchRJavaCaret:benchRJavaCaret·p0.999","sample",1,1,165.342085,NaN,"ms/op",LINEAR,1000,500
"benchmark.Main.benchRJavaCaret:benchRJavaCaret·p0.9999","sample",1,1,165.412864,NaN,"ms/op",LINEAR,1000,500
"benchmark.Main.benchRJavaCaret:benchRJavaCaret·p1.00","sample",1,1,165.412864,NaN,"ms/op",LINEAR,1000,500
"benchmark.Main.benchRJavaCaret","sample",1,820,92.079838,2.158281,"ms/op",LINEAR,1000,1000
"benchmark.Main.benchRJavaCaret:benchRJavaCaret·p0.00","sample",1,1,80.084992,NaN,"ms/op",LINEAR,1000,1000
"benchmark.Main.benchRJavaCaret:benchRJavaCaret·p0.50","sample",1,1,86.114304,NaN,"ms/op",LINEAR,1000,1000
"benchmark.Main.benchRJavaCaret:benchRJavaCaret·p0.90","sample",1,1,102.223053,NaN,"ms/op",LINEAR,1000,1000
"benchmark.Main.benchRJavaCaret:benchRJavaCaret·p0.95","sample",1,1,126.078157,NaN,"ms/op",LINEAR,1000,1000
"benchmark.Main.benchRJavaCaret:benchRJavaCaret·p0.99","sample",1,1,179.720684,NaN,"ms/op",LINEAR,1000,1000
"benchmark.Main.benchRJavaCaret:benchRJavaCaret·p0.999","sample",1,1,254.803968,NaN,"ms/op",LINEAR,1000,1000
"benchmark.Main.benchRJavaCaret:benchRJavaCaret·p0.9999","sample",1,1,254.803968,NaN,"ms/op",LINEAR,1000,1000
"benchmark.Main.benchRJavaCaret:benchRJavaCaret·p1.00","sample",1,1,254.803968,NaN,"ms/op",LINEAR,1000,1000
"benchmark.Main.benchRJavaCaret","sample",1,38464,1.478395,0.009950,"ms/op",TREE,100,100
"benchmark.Main.benchRJavaCaret:benchRJavaCaret·p0.00","sample",1,1,1.134592,NaN,"ms/op",TREE,100,100
"benchmark.Main.benchRJavaCaret:benchRJavaCaret·p0.50","sample",1,1,1.251328,NaN,"ms/op",TREE,100,100
"benchmark.Main.benchRJavaCaret:benchRJavaCaret·p0.90","sample",1,1,2.207744,NaN,"ms/op",TREE,100,100
"benchmark.Main.benchRJavaCaret:benchRJavaCaret·p0.95","sample",1,1,2.915328,NaN,"ms/op",TREE,100,100
"benchmark.Main.benchRJavaCaret:benchRJavaCaret·p0.99","sample",1,1,3.776512,NaN,"ms/op",TREE,100,100
"benchmark.Main.benchRJavaCaret:benchRJavaCaret·p0.999","sample",1,1,5.859000,NaN,"ms/op",TREE,100,100
"benchmark.Main.benchRJavaCaret:benchRJavaCaret·p0.9999","sample",1,1,8.345706,NaN,"ms/op",TREE,100,100
"benchmark.Main.benchRJavaCaret:benchRJavaCaret·p1.00","sample",1,1,17.072128,NaN,"ms/op",TREE,100,100
"benchmark.Main.benchRJavaCaret","sample",1,20315,2.675549,0.205617,"ms/op",TREE,100,500
"benchmark.Main.benchRJavaCaret:benchRJavaCaret·p0.00","sample",1,1,1.523712,NaN,"ms/op",TREE,100,500
"benchmark.Main.benchRJavaCaret:benchRJavaCaret·p0.50","sample",1,1,1.640448,NaN,"ms/op",TREE,100,500
"benchmark.Main.benchRJavaCaret:benchRJavaCaret·p0.90","sample",1,1,2.490368,NaN,"ms/op",TREE,100,500
"benchmark.Main.benchRJavaCaret:benchRJavaCaret·p0.95","sample",1,1,3.215360,NaN,"ms/op",TREE,100,500
"benchmark.Main.benchRJavaCaret:benchRJavaCaret·p0.99","sample",1,1,6.232801,NaN,"ms/op",TREE,100,500
"benchmark.Main.benchRJavaCaret:benchRJavaCaret·p0.999","sample",1,1,98.124169,NaN,"ms/op",TREE,100,500
"benchmark.Main.benchRJavaCaret:benchRJavaCaret·p0.9999","sample",1,1,133.947300,NaN,"ms/op",TREE,100,500
"benchmark.Main.benchRJavaCaret:benchRJavaCaret·p1.00","sample",1,1,192.937984,NaN,"ms/op",TREE,100,500
"benchmark.Main.benchRJavaCaret","sample",1,14253,2.327989,0.014850,"ms/op",TREE,100,1000
"benchmark.Main.benchRJavaCaret:benchRJavaCaret·p0.00","sample",1,1,1.957888,NaN,"ms/op",TREE,100,1000
"benchmark.Main.benchRJavaCaret:benchRJavaCaret·p0.50","sample",1,1,2.117632,NaN,"ms/op",TREE,100,1000
"benchmark.Main.benchRJavaCaret:benchRJavaCaret·p0.90","sample",1,1,3.465216,NaN,"ms/op",TREE,100,1000
"benchmark.Main.benchRJavaCaret:benchRJavaCaret·p0.95","sample",1,1,3.645440,NaN,"ms/op",TREE,100,1000
"benchmark.Main.benchRJavaCaret:benchRJavaCaret·p0.99","sample",1,1,4.038656,NaN,"ms/op",TREE,100,1000
"benchmark.Main.benchRJavaCaret:benchRJavaCaret·p0.999","sample",1,1,5.541822,NaN,"ms/op",TREE,100,1000
"benchmark.Main.benchRJavaCaret:benchRJavaCaret·p0.9999","sample",1,1,8.482742,NaN,"ms/op",TREE,100,1000
"benchmark.Main.benchRJavaCaret:benchRJavaCaret·p1.00","sample",1,1,9.650176,NaN,"ms/op",TREE,100,1000
"benchmark.Main.benchRJavaCaret","sample",1,11093,5.129827,0.113248,"ms/op",TREE,500,100
"benchmark.Main.benchRJavaCaret:benchRJavaCaret·p0.00","sample",1,1,4.358144,NaN,"ms/op",TREE,500,100
"benchmark.Main.benchRJavaCaret:benchRJavaCaret·p0.50","sample",1,1,4.661248,NaN,"ms/op",TREE,500,100
"benchmark.Main.benchRJavaCaret:benchRJavaCaret·p0.90","sample",1,1,5.968691,NaN,"ms/op",TREE,500,100
"benchmark.Main.benchRJavaCaret:benchRJavaCaret·p0.95","sample",1,1,6.987776,NaN,"ms/op",TREE,500,100
"benchmark.Main.benchRJavaCaret:benchRJavaCaret·p0.99","sample",1,1,9.519104,NaN,"ms/op",TREE,500,100
"benchmark.Main.benchRJavaCaret:benchRJavaCaret·p0.999","sample",1,1,95.813632,NaN,"ms/op",TREE,500,100
"benchmark.Main.benchRJavaCaret:benchRJavaCaret·p0.9999","sample",1,1,103.729044,NaN,"ms/op",TREE,500,100
"benchmark.Main.benchRJavaCaret:benchRJavaCaret·p1.00","sample",1,1,104.202240,NaN,"ms/op",TREE,500,100
"benchmark.Main.benchRJavaCaret","sample",1,5769,5.677638,0.049709,"ms/op",TREE,500,500
"benchmark.Main.benchRJavaCaret:benchRJavaCaret·p0.00","sample",1,1,5.169152,NaN,"ms/op",TREE,500,500
"benchmark.Main.benchRJavaCaret:benchRJavaCaret·p0.50","sample",1,1,5.455872,NaN,"ms/op",TREE,500,500
"benchmark.Main.benchRJavaCaret:benchRJavaCaret·p0.90","sample",1,1,6.586368,NaN,"ms/op",TREE,500,500
"benchmark.Main.benchRJavaCaret:benchRJavaCaret·p0.95","sample",1,1,7.217152,NaN,"ms/op",TREE,500,500
"benchmark.Main.benchRJavaCaret:benchRJavaCaret·p0.99","sample",1,1,8.061747,NaN,"ms/op",TREE,500,500
"benchmark.Main.benchRJavaCaret:benchRJavaCaret·p0.999","sample",1,1,9.711780,NaN,"ms/op",TREE,500,500
"benchmark.Main.benchRJavaCaret:benchRJavaCaret·p0.9999","sample",1,1,78.643200,NaN,"ms/op",TREE,500,500
"benchmark.Main.benchRJavaCaret:benchRJavaCaret·p1.00","sample",1,1,78.643200,NaN,"ms/op",TREE,500,500
"benchmark.Main.benchRJavaCaret","sample",1,3038,12.967381,1.338660,"ms/op",TREE,500,1000
"benchmark.Main.benchRJavaCaret:benchRJavaCaret·p0.00","sample",1,1,6.021120,NaN,"ms/op",TREE,500,1000
"benchmark.Main.benchRJavaCaret:benchRJavaCaret·p0.50","sample",1,1,6.463488,NaN,"ms/op",TREE,500,1000
"benchmark.Main.benchRJavaCaret:benchRJavaCaret·p0.90","sample",1,1,8.568832,NaN,"ms/op",TREE,500,1000
"benchmark.Main.benchRJavaCaret:benchRJavaCaret·p0.95","sample",1,1,94.371840,NaN,"ms/op",TREE,500,1000
"benchmark.Main.benchRJavaCaret:benchRJavaCaret·p0.99","sample",1,1,96.468992,NaN,"ms/op",TREE,500,1000
"benchmark.Main.benchRJavaCaret:benchRJavaCaret·p0.999","sample",1,1,106.823680,NaN,"ms/op",TREE,500,1000
"benchmark.Main.benchRJavaCaret:benchRJavaCaret·p0.9999","sample",1,1,112.984064,NaN,"ms/op",TREE,500,1000
"benchmark.Main.benchRJavaCaret:benchRJavaCaret·p1.00","sample",1,1,112.984064,NaN,"ms/op",TREE,500,1000
"benchmark.Main.benchRJavaCaret","sample",1,6026,10.160524,0.263097,"ms/op",TREE,1000,100
"benchmark.Main.benchRJavaCaret:benchRJavaCaret·p0.00","sample",1,1,8.650752,NaN,"ms/op",TREE,1000,100
"benchmark.Main.benchRJavaCaret:benchRJavaCaret·p0.50","sample",1,1,9.207808,NaN,"ms/op",TREE,1000,100
"benchmark.Main.benchRJavaCaret:benchRJavaCaret·p0.90","sample",1,1,12.189696,NaN,"ms/op",TREE,1000,100
"benchmark.Main.benchRJavaCaret:benchRJavaCaret·p0.95","sample",1,1,12.582912,NaN,"ms/op",TREE,1000,100
"benchmark.Main.benchRJavaCaret:benchRJavaCaret·p0.99","sample",1,1,16.232120,NaN,"ms/op",TREE,1000,100
"benchmark.Main.benchRJavaCaret:benchRJavaCaret·p0.999","sample",1,1,105.236660,NaN,"ms/op",TREE,1000,100
"benchmark.Main.benchRJavaCaret:benchRJavaCaret·p0.9999","sample",1,1,123.731968,NaN,"ms/op",TREE,1000,100
"benchmark.Main.benchRJavaCaret:benchRJavaCaret·p1.00","sample",1,1,123.731968,NaN,"ms/op",TREE,1000,100
"benchmark.Main.benchRJavaCaret","sample",1,3306,11.366695,0.099186,"ms/op",TREE,1000,500
"benchmark.Main.benchRJavaCaret:benchRJavaCaret·p0.00","sample",1,1,9.748480,NaN,"ms/op",TREE,1000,500
"benchmark.Main.benchRJavaCaret:benchRJavaCaret·p0.50","sample",1,1,10.633216,NaN,"ms/op",TREE,1000,500
"benchmark.Main.benchRJavaCaret:benchRJavaCaret·p0.90","sample",1,1,13.058048,NaN,"ms/op",TREE,1000,500
"benchmark.Main.benchRJavaCaret:benchRJavaCaret·p0.95","sample",1,1,13.969818,NaN,"ms/op",TREE,1000,500
"benchmark.Main.benchRJavaCaret:benchRJavaCaret·p0.99","sample",1,1,18.546688,NaN,"ms/op",TREE,1000,500
"benchmark.Main.benchRJavaCaret:benchRJavaCaret·p0.999","sample",1,1,24.659362,NaN,"ms/op",TREE,1000,500
"benchmark.Main.benchRJavaCaret:benchRJavaCaret·p0.9999","sample",1,1,29.917184,NaN,"ms/op",TREE,1000,500
"benchmark.Main.benchRJavaCaret:benchRJavaCaret·p1.00","sample",1,1,29.917184,NaN,"ms/op",TREE,1000,500
"benchmark.Main.benchRJavaCaret","sample",1,2055,19.951718,1.802093,"ms/op",TREE,1000,1000
"benchmark.Main.benchRJavaCaret:benchRJavaCaret·p0.00","sample",1,1,11.239424,NaN,"ms/op",TREE,1000,1000
"benchmark.Main.benchRJavaCaret:benchRJavaCaret·p0.50","sample",1,1,12.124160,NaN,"ms/op",TREE,1000,1000
"benchmark.Main.benchRJavaCaret:benchRJavaCaret·p0.90","sample",1,1,16.538010,NaN,"ms/op",TREE,1000,1000
"benchmark.Main.benchRJavaCaret:benchRJavaCaret·p0.95","sample",1,1,101.187584,NaN,"ms/op",TREE,1000,1000
"benchmark.Main.benchRJavaCaret:benchRJavaCaret·p0.99","sample",1,1,104.464384,NaN,"ms/op",TREE,1000,1000
"benchmark.Main.benchRJavaCaret:benchRJavaCaret·p0.999","sample",1,1,123.221311,NaN,"ms/op",TREE,1000,1000
"benchmark.Main.benchRJavaCaret:benchRJavaCaret·p0.9999","sample",1,1,189.005824,NaN,"ms/op",TREE,1000,1000
"benchmark.Main.benchRJavaCaret:benchRJavaCaret·p1.00","sample",1,1,189.005824,NaN,"ms/op",TREE,1000,1000
"benchmark.Main.benchXGBoost4J","sample",1,57665,0.232538,0.013960,"ms/op",LINEAR,100,100
"benchmark.Main.benchXGBoost4J:benchXGBoost4J·p0.00","sample",1,1,0.081280,NaN,"ms/op",LINEAR,100,100
"benchmark.Main.benchXGBoost4J:benchXGBoost4J·p0.50","sample",1,1,0.093696,NaN,"ms/op",LINEAR,100,100
"benchmark.Main.benchXGBoost4J:benchXGBoost4J·p0.90","sample",1,1,0.117888,NaN,"ms/op",LINEAR,100,100
"benchmark.Main.benchXGBoost4J:benchXGBoost4J·p0.95","sample",1,1,0.173235,NaN,"ms/op",LINEAR,100,100
"benchmark.Main.benchXGBoost4J:benchXGBoost4J·p0.99","sample",1,1,5.980160,NaN,"ms/op",LINEAR,100,100
"benchmark.Main.benchXGBoost4J:benchXGBoost4J·p0.999","sample",1,1,8.121008,NaN,"ms/op",LINEAR,100,100
"benchmark.Main.benchXGBoost4J:benchXGBoost4J·p0.9999","sample",1,1,10.832560,NaN,"ms/op",LINEAR,100,100
"benchmark.Main.benchXGBoost4J:benchXGBoost4J·p1.00","sample",1,1,133.431296,NaN,"ms/op",LINEAR,100,100
"benchmark.Main.benchXGBoost4J","sample",1,29487,0.447673,0.019268,"ms/op",LINEAR,100,500
"benchmark.Main.benchXGBoost4J:benchXGBoost4J·p0.00","sample",1,1,0.307200,NaN,"ms/op",LINEAR,100,500
"benchmark.Main.benchXGBoost4J:benchXGBoost4J·p0.50","sample",1,1,0.325632,NaN,"ms/op",LINEAR,100,500
"benchmark.Main.benchXGBoost4J:benchXGBoost4J·p0.90","sample",1,1,0.368128,NaN,"ms/op",LINEAR,100,500
"benchmark.Main.benchXGBoost4J:benchXGBoost4J·p0.95","sample",1,1,0.427008,NaN,"ms/op",LINEAR,100,500
"benchmark.Main.benchXGBoost4J:benchXGBoost4J·p0.99","sample",1,1,5.709824,NaN,"ms/op",LINEAR,100,500
"benchmark.Main.benchXGBoost4J:benchXGBoost4J·p0.999","sample",1,1,8.405385,NaN,"ms/op",LINEAR,100,500
"benchmark.Main.benchXGBoost4J:benchXGBoost4J·p0.9999","sample",1,1,15.344416,NaN,"ms/op",LINEAR,100,500
"benchmark.Main.benchXGBoost4J:benchXGBoost4J·p1.00","sample",1,1,82.706432,NaN,"ms/op",LINEAR,100,500
"benchmark.Main.benchXGBoost4J","sample",1,17695,0.810846,0.025910,"ms/op",LINEAR,100,1000
"benchmark.Main.benchXGBoost4J:benchXGBoost4J·p0.00","sample",1,1,0.605184,NaN,"ms/op",LINEAR,100,1000
"benchmark.Main.benchXGBoost4J:benchXGBoost4J·p0.50","sample",1,1,0.640000,NaN,"ms/op",LINEAR,100,1000
"benchmark.Main.benchXGBoost4J:benchXGBoost4J·p0.90","sample",1,1,0.709632,NaN,"ms/op",LINEAR,100,1000
"benchmark.Main.benchXGBoost4J:benchXGBoost4J·p0.95","sample",1,1,0.859136,NaN,"ms/op",LINEAR,100,1000
"benchmark.Main.benchXGBoost4J:benchXGBoost4J·p0.99","sample",1,1,6.578176,NaN,"ms/op",LINEAR,100,1000
"benchmark.Main.benchXGBoost4J:benchXGBoost4J·p0.999","sample",1,1,8.605139,NaN,"ms/op",LINEAR,100,1000
"benchmark.Main.benchXGBoost4J:benchXGBoost4J·p0.9999","sample",1,1,24.284365,NaN,"ms/op",LINEAR,100,1000
"benchmark.Main.benchXGBoost4J:benchXGBoost4J·p1.00","sample",1,1,69.992448,NaN,"ms/op",LINEAR,100,1000
"benchmark.Main.benchXGBoost4J","sample",1,21394,0.476569,0.028526,"ms/op",LINEAR,500,100
"benchmark.Main.benchXGBoost4J:benchXGBoost4J·p0.00","sample",1,1,0.284672,NaN,"ms/op",LINEAR,500,100
"benchmark.Main.benchXGBoost4J:benchXGBoost4J·p0.50","sample",1,1,0.300544,NaN,"ms/op",LINEAR,500,100
"benchmark.Main.benchXGBoost4J:benchXGBoost4J·p0.90","sample",1,1,0.337920,NaN,"ms/op",LINEAR,500,100
"benchmark.Main.benchXGBoost4J:benchXGBoost4J·p0.95","sample",1,1,0.404992,NaN,"ms/op",LINEAR,500,100
"benchmark.Main.benchXGBoost4J:benchXGBoost4J·p0.99","sample",1,1,6.299648,NaN,"ms/op",LINEAR,500,100
"benchmark.Main.benchXGBoost4J:benchXGBoost4J·p0.999","sample",1,1,9.506161,NaN,"ms/op",LINEAR,500,100
"benchmark.Main.benchXGBoost4J:benchXGBoost4J·p0.9999","sample",1,1,13.944709,NaN,"ms/op",LINEAR,500,100
"benchmark.Main.benchXGBoost4J:benchXGBoost4J·p1.00","sample",1,1,115.212288,NaN,"ms/op",LINEAR,500,100
"benchmark.Main.benchXGBoost4J","sample",1,8587,1.988987,0.068321,"ms/op",LINEAR,500,500
"benchmark.Main.benchXGBoost4J:benchXGBoost4J·p0.00","sample",1,1,1.320960,NaN,"ms/op",LINEAR,500,500
"benchmark.Main.benchXGBoost4J:benchXGBoost4J·p0.50","sample",1,1,1.394688,NaN,"ms/op",LINEAR,500,500
"benchmark.Main.benchXGBoost4J:benchXGBoost4J·p0.90","sample",1,1,2.621440,NaN,"ms/op",LINEAR,500,500
"benchmark.Main.benchXGBoost4J:benchXGBoost4J·p0.95","sample",1,1,7.184384,NaN,"ms/op",LINEAR,500,500
"benchmark.Main.benchXGBoost4J:benchXGBoost4J·p0.99","sample",1,1,9.949020,NaN,"ms/op",LINEAR,500,500
"benchmark.Main.benchXGBoost4J:benchXGBoost4J·p0.999","sample",1,1,15.672082,NaN,"ms/op",LINEAR,500,500
"benchmark.Main.benchXGBoost4J:benchXGBoost4J·p0.9999","sample",1,1,32.735232,NaN,"ms/op",LINEAR,500,500
"benchmark.Main.benchXGBoost4J:benchXGBoost4J·p1.00","sample",1,1,32.735232,NaN,"ms/op",LINEAR,500,500
"benchmark.Main.benchXGBoost4J","sample",1,3905,3.636489,0.102822,"ms/op",LINEAR,500,1000
"benchmark.Main.benchXGBoost4J:benchXGBoost4J·p0.00","sample",1,1,2.723840,NaN,"ms/op",LINEAR,500,1000
"benchmark.Main.benchXGBoost4J:benchXGBoost4J·p0.50","sample",1,1,2.912256,NaN,"ms/op",LINEAR,500,1000
"benchmark.Main.benchXGBoost4J:benchXGBoost4J·p0.90","sample",1,1,4.811981,NaN,"ms/op",LINEAR,500,1000
"benchmark.Main.benchXGBoost4J:benchXGBoost4J·p0.95","sample",1,1,8.929280,NaN,"ms/op",LINEAR,500,1000
"benchmark.Main.benchXGBoost4J:benchXGBoost4J·p0.99","sample",1,1,11.664425,NaN,"ms/op",LINEAR,500,1000
"benchmark.Main.benchXGBoost4J:benchXGBoost4J·p0.999","sample",1,1,16.561275,NaN,"ms/op",LINEAR,500,1000
"benchmark.Main.benchXGBoost4J:benchXGBoost4J·p0.9999","sample",1,1,20.480000,NaN,"ms/op",LINEAR,500,1000
"benchmark.Main.benchXGBoost4J:benchXGBoost4J·p1.00","sample",1,1,20.480000,NaN,"ms/op",LINEAR,500,1000
"benchmark.Main.benchXGBoost4J","sample",1,12840,0.752077,0.030531,"ms/op",LINEAR,1000,100
"benchmark.Main.benchXGBoost4J:benchXGBoost4J·p0.00","sample",1,1,0.547840,NaN,"ms/op",LINEAR,1000,100
"benchmark.Main.benchXGBoost4J:benchXGBoost4J·p0.50","sample",1,1,0.572416,NaN,"ms/op",LINEAR,1000,100
"benchmark.Main.benchXGBoost4J:benchXGBoost4J·p0.90","sample",1,1,0.615424,NaN,"ms/op",LINEAR,1000,100
"benchmark.Main.benchXGBoost4J:benchXGBoost4J·p0.95","sample",1,1,0.688077,NaN,"ms/op",LINEAR,1000,100
"benchmark.Main.benchXGBoost4J:benchXGBoost4J·p0.99","sample",1,1,8.265728,NaN,"ms/op",LINEAR,1000,100
"benchmark.Main.benchXGBoost4J:benchXGBoost4J·p0.999","sample",1,1,9.921233,NaN,"ms/op",LINEAR,1000,100
"benchmark.Main.benchXGBoost4J:benchXGBoost4J·p0.9999","sample",1,1,13.119485,NaN,"ms/op",LINEAR,1000,100
"benchmark.Main.benchXGBoost4J:benchXGBoost4J·p1.00","sample",1,1,13.221888,NaN,"ms/op",LINEAR,1000,100
"benchmark.Main.benchXGBoost4J","sample",1,4568,2.933200,0.049360,"ms/op",LINEAR,1000,500
"benchmark.Main.benchXGBoost4J:benchXGBoost4J·p0.00","sample",1,1,2.662400,NaN,"ms/op",LINEAR,1000,500
"benchmark.Main.benchXGBoost4J:benchXGBoost4J·p0.50","sample",1,1,2.785280,NaN,"ms/op",LINEAR,1000,500
"benchmark.Main.benchXGBoost4J:benchXGBoost4J·p0.90","sample",1,1,2.895872,NaN,"ms/op",LINEAR,1000,500
"benchmark.Main.benchXGBoost4J:benchXGBoost4J·p0.95","sample",1,1,2.965504,NaN,"ms/op",LINEAR,1000,500
"benchmark.Main.benchXGBoost4J:benchXGBoost4J·p0.99","sample",1,1,10.359767,NaN,"ms/op",LINEAR,1000,500
"benchmark.Main.benchXGBoost4J:benchXGBoost4J·p0.999","sample",1,1,12.276417,NaN,"ms/op",LINEAR,1000,500
"benchmark.Main.benchXGBoost4J:benchXGBoost4J·p0.9999","sample",1,1,13.402112,NaN,"ms/op",LINEAR,1000,500
"benchmark.Main.benchXGBoost4J:benchXGBoost4J·p1.00","sample",1,1,13.402112,NaN,"ms/op",LINEAR,1000,500
"benchmark.Main.benchXGBoost4J","sample",1,2494,5.392563,0.046476,"ms/op",LINEAR,1000,1000
"benchmark.Main.benchXGBoost4J:benchXGBoost4J·p0.00","sample",1,1,5.038080,NaN,"ms/op",LINEAR,1000,1000
"benchmark.Main.benchXGBoost4J:benchXGBoost4J·p0.50","sample",1,1,5.259264,NaN,"ms/op",LINEAR,1000,1000
"benchmark.Main.benchXGBoost4J:benchXGBoost4J·p0.90","sample",1,1,5.423104,NaN,"ms/op",LINEAR,1000,1000
"benchmark.Main.benchXGBoost4J:benchXGBoost4J·p0.95","sample",1,1,5.789696,NaN,"ms/op",LINEAR,1000,1000
"benchmark.Main.benchXGBoost4J:benchXGBoost4J·p0.99","sample",1,1,8.893235,NaN,"ms/op",LINEAR,1000,1000
"benchmark.Main.benchXGBoost4J:benchXGBoost4J·p0.999","sample",1,1,13.225492,NaN,"ms/op",LINEAR,1000,1000
"benchmark.Main.benchXGBoost4J:benchXGBoost4J·p0.9999","sample",1,1,14.221312,NaN,"ms/op",LINEAR,1000,1000
"benchmark.Main.benchXGBoost4J:benchXGBoost4J·p1.00","sample",1,1,14.221312,NaN,"ms/op",LINEAR,1000,1000
"benchmark.Main.benchXGBoost4J","sample",1,35880,1.278029,0.006005,"ms/op",TREE,100,100
"benchmark.Main.benchXGBoost4J:benchXGBoost4J·p0.00","sample",1,1,1.155072,NaN,"ms/op",TREE,100,100
"benchmark.Main.benchXGBoost4J:benchXGBoost4J·p0.50","sample",1,1,1.247232,NaN,"ms/op",TREE,100,100
"benchmark.Main.benchXGBoost4J:benchXGBoost4J·p0.90","sample",1,1,1.345536,NaN,"ms/op",TREE,100,100
"benchmark.Main.benchXGBoost4J:benchXGBoost4J·p0.95","sample",1,1,1.390592,NaN,"ms/op",TREE,100,100
"benchmark.Main.benchXGBoost4J:benchXGBoost4J·p0.99","sample",1,1,1.751429,NaN,"ms/op",TREE,100,100
"benchmark.Main.benchXGBoost4J:benchXGBoost4J·p0.999","sample",1,1,7.126647,NaN,"ms/op",TREE,100,100
"benchmark.Main.benchXGBoost4J:benchXGBoost4J·p0.9999","sample",1,1,10.838673,NaN,"ms/op",TREE,100,100
"benchmark.Main.benchXGBoost4J:benchXGBoost4J·p1.00","sample",1,1,17.596416,NaN,"ms/op",TREE,100,100
"benchmark.Main.benchXGBoost4J","sample",1,10843,5.894374,0.021593,"ms/op",TREE,100,500
"benchmark.Main.benchXGBoost4J:benchXGBoost4J·p0.00","sample",1,1,5.332992,NaN,"ms/op",TREE,100,500
"benchmark.Main.benchXGBoost4J:benchXGBoost4J·p0.50","sample",1,1,5.849088,NaN,"ms/op",TREE,100,500
"benchmark.Main.benchXGBoost4J:benchXGBoost4J·p0.90","sample",1,1,6.225920,NaN,"ms/op",TREE,100,500
"benchmark.Main.benchXGBoost4J:benchXGBoost4J·p0.95","sample",1,1,6.397952,NaN,"ms/op",TREE,100,500
"benchmark.Main.benchXGBoost4J:benchXGBoost4J·p0.99","sample",1,1,9.011200,NaN,"ms/op",TREE,100,500
"benchmark.Main.benchXGBoost4J:benchXGBoost4J·p0.999","sample",1,1,15.078851,NaN,"ms/op",TREE,100,500
"benchmark.Main.benchXGBoost4J:benchXGBoost4J·p0.9999","sample",1,1,17.945802,NaN,"ms/op",TREE,100,500
"benchmark.Main.benchXGBoost4J:benchXGBoost4J·p1.00","sample",1,1,17.956864,NaN,"ms/op",TREE,100,500
"benchmark.Main.benchXGBoost4J","sample",1,6190,11.332238,0.039852,"ms/op",TREE,100,1000
"benchmark.Main.benchXGBoost4J:benchXGBoost4J·p0.00","sample",1,1,10.321920,NaN,"ms/op",TREE,100,1000
"benchmark.Main.benchXGBoost4J:benchXGBoost4J·p0.50","sample",1,1,11.354112,NaN,"ms/op",TREE,100,1000
"benchmark.Main.benchXGBoost4J:benchXGBoost4J·p0.90","sample",1,1,11.911168,NaN,"ms/op",TREE,100,1000
"benchmark.Main.benchXGBoost4J:benchXGBoost4J·p0.95","sample",1,1,12.238848,NaN,"ms/op",TREE,100,1000
"benchmark.Main.benchXGBoost4J:benchXGBoost4J·p0.99","sample",1,1,15.041987,NaN,"ms/op",TREE,100,1000
"benchmark.Main.benchXGBoost4J:benchXGBoost4J·p0.999","sample",1,1,21.749858,NaN,"ms/op",TREE,100,1000
"benchmark.Main.benchXGBoost4J:benchXGBoost4J·p0.9999","sample",1,1,25.493504,NaN,"ms/op",TREE,100,1000
"benchmark.Main.benchXGBoost4J:benchXGBoost4J·p1.00","sample",1,1,25.493504,NaN,"ms/op",TREE,100,1000
"benchmark.Main.benchXGBoost4J","sample",1,17130,1.563476,0.019041,"ms/op",TREE,500,100
"benchmark.Main.benchXGBoost4J:benchXGBoost4J·p0.00","sample",1,1,1.384448,NaN,"ms/op",TREE,500,100
"benchmark.Main.benchXGBoost4J:benchXGBoost4J·p0.50","sample",1,1,1.454080,NaN,"ms/op",TREE,500,100
"benchmark.Main.benchXGBoost4J:benchXGBoost4J·p0.90","sample",1,1,1.556480,NaN,"ms/op",TREE,500,100
"benchmark.Main.benchXGBoost4J:benchXGBoost4J·p0.95","sample",1,1,1.622016,NaN,"ms/op",TREE,500,100
"benchmark.Main.benchXGBoost4J:benchXGBoost4J·p0.99","sample",1,1,5.383291,NaN,"ms/op",TREE,500,100
"benchmark.Main.benchXGBoost4J:benchXGBoost4J·p0.999","sample",1,1,10.284859,NaN,"ms/op",TREE,500,100
"benchmark.Main.benchXGBoost4J:benchXGBoost4J·p0.9999","sample",1,1,12.677331,NaN,"ms/op",TREE,500,100
"benchmark.Main.benchXGBoost4J:benchXGBoost4J·p1.00","sample",1,1,13.156352,NaN,"ms/op",TREE,500,100
"benchmark.Main.benchXGBoost4J","sample",1,5893,6.791933,0.039524,"ms/op",TREE,500,500
"benchmark.Main.benchXGBoost4J:benchXGBoost4J·p0.00","sample",1,1,6.447104,NaN,"ms/op",TREE,500,500
"benchmark.Main.benchXGBoost4J:benchXGBoost4J·p0.50","sample",1,1,6.619136,NaN,"ms/op",TREE,500,500
"benchmark.Main.benchXGBoost4J:benchXGBoost4J·p0.90","sample",1,1,6.922240,NaN,"ms/op",TREE,500,500
"benchmark.Main.benchXGBoost4J:benchXGBoost4J·p0.95","sample",1,1,7.072154,NaN,"ms/op",TREE,500,500
"benchmark.Main.benchXGBoost4J:benchXGBoost4J·p0.99","sample",1,1,10.816717,NaN,"ms/op",TREE,500,500
"benchmark.Main.benchXGBoost4J:benchXGBoost4J·p0.999","sample",1,1,18.950324,NaN,"ms/op",TREE,500,500
"benchmark.Main.benchXGBoost4J:benchXGBoost4J·p0.9999","sample",1,1,19.464192,NaN,"ms/op",TREE,500,500
"benchmark.Main.benchXGBoost4J:benchXGBoost4J·p1.00","sample",1,1,19.464192,NaN,"ms/op",TREE,500,500
"benchmark.Main.benchXGBoost4J","sample",1,2657,13.191605,0.072968,"ms/op",TREE,500,1000
"benchmark.Main.benchXGBoost4J:benchXGBoost4J·p0.00","sample",1,1,12.566528,NaN,"ms/op",TREE,500,1000
"benchmark.Main.benchXGBoost4J:benchXGBoost4J·p0.50","sample",1,1,12.943360,NaN,"ms/op",TREE,500,1000
"benchmark.Main.benchXGBoost4J:benchXGBoost4J·p0.90","sample",1,1,13.664256,NaN,"ms/op",TREE,500,1000
"benchmark.Main.benchXGBoost4J:benchXGBoost4J·p0.95","sample",1,1,14.172160,NaN,"ms/op",TREE,500,1000
"benchmark.Main.benchXGBoost4J:benchXGBoost4J·p0.99","sample",1,1,18.899927,NaN,"ms/op",TREE,500,1000
"benchmark.Main.benchXGBoost4J:benchXGBoost4J·p0.999","sample",1,1,28.105441,NaN,"ms/op",TREE,500,1000
"benchmark.Main.benchXGBoost4J:benchXGBoost4J·p0.9999","sample",1,1,29.196288,NaN,"ms/op",TREE,500,1000
"benchmark.Main.benchXGBoost4J:benchXGBoost4J·p1.00","sample",1,1,29.196288,NaN,"ms/op",TREE,500,1000
"benchmark.Main.benchXGBoost4J","sample",1,11011,1.983024,0.030404,"ms/op",TREE,1000,100
"benchmark.Main.benchXGBoost4J:benchXGBoost4J·p0.00","sample",1,1,1.746944,NaN,"ms/op",TREE,1000,100
"benchmark.Main.benchXGBoost4J:benchXGBoost4J·p0.50","sample",1,1,1.818624,NaN,"ms/op",TREE,1000,100
"benchmark.Main.benchXGBoost4J:benchXGBoost4J·p0.90","sample",1,1,1.980416,NaN,"ms/op",TREE,1000,100
"benchmark.Main.benchXGBoost4J:benchXGBoost4J·p0.95","sample",1,1,2.125824,NaN,"ms/op",TREE,1000,100
"benchmark.Main.benchXGBoost4J:benchXGBoost4J·p0.99","sample",1,1,8.667136,NaN,"ms/op",TREE,1000,100
"benchmark.Main.benchXGBoost4J:benchXGBoost4J·p0.999","sample",1,1,11.516576,NaN,"ms/op",TREE,1000,100
"benchmark.Main.benchXGBoost4J:benchXGBoost4J·p0.9999","sample",1,1,14.341059,NaN,"ms/op",TREE,1000,100
"benchmark.Main.benchXGBoost4J:benchXGBoost4J·p1.00","sample",1,1,14.467072,NaN,"ms/op",TREE,1000,100
"benchmark.Main.benchXGBoost4J","sample",1,3713,8.668314,0.081095,"ms/op",TREE,1000,500
"benchmark.Main.benchXGBoost4J:benchXGBoost4J·p0.00","sample",1,1,8.085504,NaN,"ms/op",TREE,1000,500
"benchmark.Main.benchXGBoost4J:benchXGBoost4J·p0.50","sample",1,1,8.355840,NaN,"ms/op",TREE,1000,500
"benchmark.Main.benchXGBoost4J:benchXGBoost4J·p0.90","sample",1,1,8.716288,NaN,"ms/op",TREE,1000,500
"benchmark.Main.benchXGBoost4J:benchXGBoost4J·p0.95","sample",1,1,9.355264,NaN,"ms/op",TREE,1000,500
"benchmark.Main.benchXGBoost4J:benchXGBoost4J·p0.99","sample",1,1,17.886740,NaN,"ms/op",TREE,1000,500
"benchmark.Main.benchXGBoost4J:benchXGBoost4J·p0.999","sample",1,1,21.608268,NaN,"ms/op",TREE,1000,500
"benchmark.Main.benchXGBoost4J:benchXGBoost4J·p0.9999","sample",1,1,22.183936,NaN,"ms/op",TREE,1000,500
"benchmark.Main.benchXGBoost4J:benchXGBoost4J·p1.00","sample",1,1,22.183936,NaN,"ms/op",TREE,1000,500
"benchmark.Main.benchXGBoost4J","sample",1,1977,16.135132,0.091234,"ms/op",TREE,1000,1000
"benchmark.Main.benchXGBoost4J:benchXGBoost4J·p0.00","sample",1,1,15.433728,NaN,"ms/op",TREE,1000,1000
"benchmark.Main.benchXGBoost4J:benchXGBoost4J·p0.50","sample",1,1,15.876096,NaN,"ms/op",TREE,1000,1000
"benchmark.Main.benchXGBoost4J:benchXGBoost4J·p0.90","sample",1,1,16.400384,NaN,"ms/op",TREE,1000,1000
"benchmark.Main.benchXGBoost4J:benchXGBoost4J·p0.95","sample",1,1,17.530880,NaN,"ms/op",TREE,1000,1000
"benchmark.Main.benchXGBoost4J:benchXGBoost4J·p0.99","sample",1,1,22.420521,NaN,"ms/op",TREE,1000,1000
"benchmark.Main.benchXGBoost4J:benchXGBoost4J·p0.999","sample",1,1,31.795839,NaN,"ms/op",TREE,1000,1000
"benchmark.Main.benchXGBoost4J:benchXGBoost4J·p0.9999","sample",1,1,35.192832,NaN,"ms/op",TREE,1000,1000
"benchmark.Main.benchXGBoost4J:benchXGBoost4J·p1.00","sample",1,1,35.192832,NaN,"ms/op",TREE,1000,1000
"benchmark.Main.benchXGBoostPredictor","sample",1,98616,0.011121,0.003962,"ms/op",LINEAR,100,100
"benchmark.Main.benchXGBoostPredictor:benchXGBoostPredictor·p0.00","sample",1,1,0.009024,NaN,"ms/op",LINEAR,100,100
"benchmark.Main.benchXGBoostPredictor:benchXGBoostPredictor·p0.50","sample",1,1,0.009616,NaN,"ms/op",LINEAR,100,100
"benchmark.Main.benchXGBoostPredictor:benchXGBoostPredictor·p0.90","sample",1,1,0.010501,NaN,"ms/op",LINEAR,100,100
"benchmark.Main.benchXGBoostPredictor:benchXGBoostPredictor·p0.95","sample",1,1,0.011344,NaN,"ms/op",LINEAR,100,100
"benchmark.Main.benchXGBoostPredictor:benchXGBoostPredictor·p0.99","sample",1,1,0.015707,NaN,"ms/op",LINEAR,100,100
"benchmark.Main.benchXGBoostPredictor:benchXGBoostPredictor·p0.999","sample",1,1,0.023884,NaN,"ms/op",LINEAR,100,100
"benchmark.Main.benchXGBoostPredictor:benchXGBoostPredictor·p0.9999","sample",1,1,0.035931,NaN,"ms/op",LINEAR,100,100
"benchmark.Main.benchXGBoostPredictor:benchXGBoostPredictor·p1.00","sample",1,1,118.751232,NaN,"ms/op",LINEAR,100,100
"benchmark.Main.benchXGBoostPredictor","sample",1,42494,0.048174,0.006290,"ms/op",LINEAR,100,500
"benchmark.Main.benchXGBoostPredictor:benchXGBoostPredictor·p0.00","sample",1,1,0.042688,NaN,"ms/op",LINEAR,100,500
"benchmark.Main.benchXGBoostPredictor:benchXGBoostPredictor·p0.50","sample",1,1,0.045248,NaN,"ms/op",LINEAR,100,500
"benchmark.Main.benchXGBoostPredictor:benchXGBoostPredictor·p0.90","sample",1,1,0.049600,NaN,"ms/op",LINEAR,100,500
"benchmark.Main.benchXGBoostPredictor:benchXGBoostPredictor·p0.95","sample",1,1,0.055360,NaN,"ms/op",LINEAR,100,500
"benchmark.Main.benchXGBoostPredictor:benchXGBoostPredictor·p0.99","sample",1,1,0.064704,NaN,"ms/op",LINEAR,100,500
"benchmark.Main.benchXGBoostPredictor:benchXGBoostPredictor·p0.999","sample",1,1,0.081986,NaN,"ms/op",LINEAR,100,500
"benchmark.Main.benchXGBoostPredictor:benchXGBoostPredictor·p0.9999","sample",1,1,0.107754,NaN,"ms/op",LINEAR,100,500
"benchmark.Main.benchXGBoostPredictor:benchXGBoostPredictor·p1.00","sample",1,1,81.264640,NaN,"ms/op",LINEAR,100,500
"benchmark.Main.benchXGBoostPredictor","sample",1,22192,0.097350,0.014207,"ms/op",LINEAR,100,1000
"benchmark.Main.benchXGBoostPredictor:benchXGBoostPredictor·p0.00","sample",1,1,0.085120,NaN,"ms/op",LINEAR,100,1000
"benchmark.Main.benchXGBoostPredictor:benchXGBoostPredictor·p0.50","sample",1,1,0.089728,NaN,"ms/op",LINEAR,100,1000
"benchmark.Main.benchXGBoostPredictor:benchXGBoostPredictor·p0.90","sample",1,1,0.098944,NaN,"ms/op",LINEAR,100,1000
"benchmark.Main.benchXGBoostPredictor:benchXGBoostPredictor·p0.95","sample",1,1,0.104749,NaN,"ms/op",LINEAR,100,1000
"benchmark.Main.benchXGBoostPredictor:benchXGBoostPredictor·p0.99","sample",1,1,0.124681,NaN,"ms/op",LINEAR,100,1000
"benchmark.Main.benchXGBoostPredictor:benchXGBoostPredictor·p0.999","sample",1,1,0.142031,NaN,"ms/op",LINEAR,100,1000
"benchmark.Main.benchXGBoostPredictor:benchXGBoostPredictor·p0.9999","sample",1,1,52.856613,NaN,"ms/op",LINEAR,100,1000
"benchmark.Main.benchXGBoostPredictor:benchXGBoostPredictor·p1.00","sample",1,1,68.026368,NaN,"ms/op",LINEAR,100,1000
"benchmark.Main.benchXGBoostPredictor","sample",1,28250,0.011519,0.000033,"ms/op",LINEAR,500,100
"benchmark.Main.benchXGBoostPredictor:benchXGBoostPredictor·p0.00","sample",1,1,0.010064,NaN,"ms/op",LINEAR,500,100
"benchmark.Main.benchXGBoostPredictor:benchXGBoostPredictor·p0.50","sample",1,1,0.011152,NaN,"ms/op",LINEAR,500,100
"benchmark.Main.benchXGBoostPredictor:benchXGBoostPredictor·p0.90","sample",1,1,0.012256,NaN,"ms/op",LINEAR,500,100
"benchmark.Main.benchXGBoostPredictor:benchXGBoostPredictor·p0.95","sample",1,1,0.013152,NaN,"ms/op",LINEAR,500,100
"benchmark.Main.benchXGBoostPredictor:benchXGBoostPredictor·p0.99","sample",1,1,0.020432,NaN,"ms/op",LINEAR,500,100
"benchmark.Main.benchXGBoostPredictor:benchXGBoostPredictor·p0.999","sample",1,1,0.028432,NaN,"ms/op",LINEAR,500,100
"benchmark.Main.benchXGBoostPredictor:benchXGBoostPredictor·p0.9999","sample",1,1,0.039357,NaN,"ms/op",LINEAR,500,100
"benchmark.Main.benchXGBoostPredictor:benchXGBoostPredictor·p1.00","sample",1,1,0.114560,NaN,"ms/op",LINEAR,500,100
"benchmark.Main.benchXGBoostPredictor","sample",1,10947,0.054423,0.021346,"ms/op",LINEAR,500,500
"benchmark.Main.benchXGBoostPredictor:benchXGBoostPredictor·p0.00","sample",1,1,0.045632,NaN,"ms/op",LINEAR,500,500
"benchmark.Main.benchXGBoostPredictor:benchXGBoostPredictor·p0.50","sample",1,1,0.046720,NaN,"ms/op",LINEAR,500,500
"benchmark.Main.benchXGBoostPredictor:benchXGBoostPredictor·p0.90","sample",1,1,0.051072,NaN,"ms/op",LINEAR,500,500
"benchmark.Main.benchXGBoostPredictor:benchXGBoostPredictor·p0.95","sample",1,1,0.057472,NaN,"ms/op",LINEAR,500,500
"benchmark.Main.benchXGBoostPredictor:benchXGBoostPredictor·p0.99","sample",1,1,0.065859,NaN,"ms/op",LINEAR,500,500
"benchmark.Main.benchXGBoostPredictor:benchXGBoostPredictor·p0.999","sample",1,1,0.083772,NaN,"ms/op",LINEAR,500,500
"benchmark.Main.benchXGBoostPredictor:benchXGBoostPredictor·p0.9999","sample",1,1,64.320314,NaN,"ms/op",LINEAR,500,500
"benchmark.Main.benchXGBoostPredictor:benchXGBoostPredictor·p1.00","sample",1,1,71.041024,NaN,"ms/op",LINEAR,500,500
"benchmark.Main.benchXGBoostPredictor","sample",1,4792,0.093014,0.000384,"ms/op",LINEAR,500,1000
"benchmark.Main.benchXGBoostPredictor:benchXGBoostPredictor·p0.00","sample",1,1,0.089472,NaN,"ms/op",LINEAR,500,1000
"benchmark.Main.benchXGBoostPredictor:benchXGBoostPredictor·p0.50","sample",1,1,0.090368,NaN,"ms/op",LINEAR,500,1000
"benchmark.Main.benchXGBoostPredictor:benchXGBoostPredictor·p0.90","sample",1,1,0.099584,NaN,"ms/op",LINEAR,500,1000
"benchmark.Main.benchXGBoostPredictor:benchXGBoostPredictor·p0.95","sample",1,1,0.106797,NaN,"ms/op",LINEAR,500,1000
"benchmark.Main.benchXGBoostPredictor:benchXGBoostPredictor·p0.99","sample",1,1,0.126848,NaN,"ms/op",LINEAR,500,1000
"benchmark.Main.benchXGBoostPredictor:benchXGBoostPredictor·p0.999","sample",1,1,0.147165,NaN,"ms/op",LINEAR,500,1000
"benchmark.Main.benchXGBoostPredictor:benchXGBoostPredictor·p0.9999","sample",1,1,0.333312,NaN,"ms/op",LINEAR,500,1000
"benchmark.Main.benchXGBoostPredictor:benchXGBoostPredictor·p1.00","sample",1,1,0.333312,NaN,"ms/op",LINEAR,500,1000
"benchmark.Main.benchXGBoostPredictor","sample",1,15099,0.012276,0.000040,"ms/op",LINEAR,1000,100
"benchmark.Main.benchXGBoostPredictor:benchXGBoostPredictor·p0.00","sample",1,1,0.010800,NaN,"ms/op",LINEAR,1000,100
"benchmark.Main.benchXGBoostPredictor:benchXGBoostPredictor·p0.50","sample",1,1,0.011984,NaN,"ms/op",LINEAR,1000,100
"benchmark.Main.benchXGBoostPredictor:benchXGBoostPredictor·p0.90","sample",1,1,0.012880,NaN,"ms/op",LINEAR,1000,100
"benchmark.Main.benchXGBoostPredictor:benchXGBoostPredictor·p0.95","sample",1,1,0.013568,NaN,"ms/op",LINEAR,1000,100
"benchmark.Main.benchXGBoostPredictor:benchXGBoostPredictor·p0.99","sample",1,1,0.020960,NaN,"ms/op",LINEAR,1000,100
"benchmark.Main.benchXGBoostPredictor:benchXGBoostPredictor·p0.999","sample",1,1,0.027520,NaN,"ms/op",LINEAR,1000,100
"benchmark.Main.benchXGBoostPredictor:benchXGBoostPredictor·p0.9999","sample",1,1,0.042877,NaN,"ms/op",LINEAR,1000,100
"benchmark.Main.benchXGBoostPredictor:benchXGBoostPredictor·p1.00","sample",1,1,0.044672,NaN,"ms/op",LINEAR,1000,100
"benchmark.Main.benchXGBoostPredictor","sample",1,5369,0.060730,0.043293,"ms/op",LINEAR,1000,500
"benchmark.Main.benchXGBoostPredictor:benchXGBoostPredictor·p0.00","sample",1,1,0.044544,NaN,"ms/op",LINEAR,1000,500
"benchmark.Main.benchXGBoostPredictor:benchXGBoostPredictor·p0.50","sample",1,1,0.046720,NaN,"ms/op",LINEAR,1000,500
"benchmark.Main.benchXGBoostPredictor:benchXGBoostPredictor·p0.90","sample",1,1,0.050880,NaN,"ms/op",LINEAR,1000,500
"benchmark.Main.benchXGBoostPredictor:benchXGBoostPredictor·p0.95","sample",1,1,0.056640,NaN,"ms/op",LINEAR,1000,500
"benchmark.Main.benchXGBoostPredictor:benchXGBoostPredictor·p0.99","sample",1,1,0.066560,NaN,"ms/op",LINEAR,1000,500
"benchmark.Main.benchXGBoostPredictor:benchXGBoostPredictor·p0.999","sample",1,1,0.083058,NaN,"ms/op",LINEAR,1000,500
"benchmark.Main.benchXGBoostPredictor:benchXGBoostPredictor·p0.9999","sample",1,1,70.647808,NaN,"ms/op",LINEAR,1000,500
"benchmark.Main.benchXGBoostPredictor:benchXGBoostPredictor·p1.00","sample",1,1,70.647808,NaN,"ms/op",LINEAR,1000,500
"benchmark.Main.benchXGBoostPredictor","sample",1,2876,0.092200,0.000466,"ms/op",LINEAR,1000,1000
"benchmark.Main.benchXGBoostPredictor:benchXGBoostPredictor·p0.00","sample",1,1,0.086400,NaN,"ms/op",LINEAR,1000,1000
"benchmark.Main.benchXGBoostPredictor:benchXGBoostPredictor·p0.50","sample",1,1,0.090368,NaN,"ms/op",LINEAR,1000,1000
"benchmark.Main.benchXGBoostPredictor:benchXGBoostPredictor·p0.90","sample",1,1,0.099584,NaN,"ms/op",LINEAR,1000,1000
"benchmark.Main.benchXGBoostPredictor:benchXGBoostPredictor·p0.95","sample",1,1,0.106643,NaN,"ms/op",LINEAR,1000,1000
"benchmark.Main.benchXGBoostPredictor:benchXGBoostPredictor·p0.99","sample",1,1,0.126336,NaN,"ms/op",LINEAR,1000,1000
"benchmark.Main.benchXGBoostPredictor:benchXGBoostPredictor·p0.999","sample",1,1,0.142143,NaN,"ms/op",LINEAR,1000,1000
"benchmark.Main.benchXGBoostPredictor:benchXGBoostPredictor·p0.9999","sample",1,1,0.187392,NaN,"ms/op",LINEAR,1000,1000
"benchmark.Main.benchXGBoostPredictor:benchXGBoostPredictor·p1.00","sample",1,1,0.187392,NaN,"ms/op",LINEAR,1000,1000
"benchmark.Main.benchXGBoostPredictor","sample",1,20304,3.896762,0.003338,"ms/op",TREE,100,100
"benchmark.Main.benchXGBoostPredictor:benchXGBoostPredictor·p0.00","sample",1,1,3.715072,NaN,"ms/op",TREE,100,100
"benchmark.Main.benchXGBoostPredictor:benchXGBoostPredictor·p0.50","sample",1,1,3.866624,NaN,"ms/op",TREE,100,100
"benchmark.Main.benchXGBoostPredictor:benchXGBoostPredictor·p0.90","sample",1,1,3.985408,NaN,"ms/op",TREE,100,100
"benchmark.Main.benchXGBoostPredictor:benchXGBoostPredictor·p0.95","sample",1,1,4.128768,NaN,"ms/op",TREE,100,100
"benchmark.Main.benchXGBoostPredictor:benchXGBoostPredictor·p0.99","sample",1,1,4.464230,NaN,"ms/op",TREE,100,100
"benchmark.Main.benchXGBoostPredictor:benchXGBoostPredictor·p0.999","sample",1,1,5.563064,NaN,"ms/op",TREE,100,100
"benchmark.Main.benchXGBoostPredictor:benchXGBoostPredictor·p0.9999","sample",1,1,7.315100,NaN,"ms/op",TREE,100,100
"benchmark.Main.benchXGBoostPredictor:benchXGBoostPredictor·p1.00","sample",1,1,7.602176,NaN,"ms/op",TREE,100,100
"benchmark.Main.benchXGBoostPredictor","sample",1,3644,24.796474,0.047111,"ms/op",TREE,100,500
"benchmark.Main.benchXGBoostPredictor:benchXGBoostPredictor·p0.00","sample",1,1,22.446080,NaN,"ms/op",TREE,100,500
"benchmark.Main.benchXGBoostPredictor:benchXGBoostPredictor·p0.50","sample",1,1,24.772608,NaN,"ms/op",TREE,100,500
"benchmark.Main.benchXGBoostPredictor:benchXGBoostPredictor·p0.90","sample",1,1,25.821184,NaN,"ms/op",TREE,100,500
"benchmark.Main.benchXGBoostPredictor:benchXGBoostPredictor·p0.95","sample",1,1,26.148864,NaN,"ms/op",TREE,100,500
"benchmark.Main.benchXGBoostPredictor:benchXGBoostPredictor·p0.99","sample",1,1,26.869760,NaN,"ms/op",TREE,100,500
"benchmark.Main.benchXGBoostPredictor:benchXGBoostPredictor·p0.999","sample",1,1,28.478669,NaN,"ms/op",TREE,100,500
"benchmark.Main.benchXGBoostPredictor:benchXGBoostPredictor·p0.9999","sample",1,1,38.141952,NaN,"ms/op",TREE,100,500
"benchmark.Main.benchXGBoostPredictor:benchXGBoostPredictor·p1.00","sample",1,1,38.141952,NaN,"ms/op",TREE,100,500
"benchmark.Main.benchXGBoostPredictor","sample",1,1855,50.017358,0.143758,"ms/op",TREE,100,1000
"benchmark.Main.benchXGBoostPredictor:benchXGBoostPredictor·p0.00","sample",1,1,44.367872,NaN,"ms/op",TREE,100,1000
"benchmark.Main.benchXGBoostPredictor:benchXGBoostPredictor·p0.50","sample",1,1,49.938432,NaN,"ms/op",TREE,100,1000
"benchmark.Main.benchXGBoostPredictor:benchXGBoostPredictor·p0.90","sample",1,1,52.559872,NaN,"ms/op",TREE,100,1000
"benchmark.Main.benchXGBoostPredictor:benchXGBoostPredictor·p0.95","sample",1,1,53.346304,NaN,"ms/op",TREE,100,1000
"benchmark.Main.benchXGBoostPredictor:benchXGBoostPredictor·p0.99","sample",1,1,54.591488,NaN,"ms/op",TREE,100,1000
"benchmark.Main.benchXGBoostPredictor:benchXGBoostPredictor·p0.999","sample",1,1,56.801362,NaN,"ms/op",TREE,100,1000
"benchmark.Main.benchXGBoostPredictor:benchXGBoostPredictor·p0.9999","sample",1,1,57.081856,NaN,"ms/op",TREE,100,1000
"benchmark.Main.benchXGBoostPredictor:benchXGBoostPredictor·p1.00","sample",1,1,57.081856,NaN,"ms/op",TREE,100,1000
"benchmark.Main.benchXGBoostPredictor","sample",1,13024,4.010564,0.006303,"ms/op",TREE,500,100
"benchmark.Main.benchXGBoostPredictor:benchXGBoostPredictor·p0.00","sample",1,1,3.772416,NaN,"ms/op",TREE,500,100
"benchmark.Main.benchXGBoostPredictor:benchXGBoostPredictor·p0.50","sample",1,1,3.940352,NaN,"ms/op",TREE,500,100
"benchmark.Main.benchXGBoostPredictor:benchXGBoostPredictor·p0.90","sample",1,1,4.251648,NaN,"ms/op",TREE,500,100
"benchmark.Main.benchXGBoostPredictor:benchXGBoostPredictor·p0.95","sample",1,1,4.382720,NaN,"ms/op",TREE,500,100
"benchmark.Main.benchXGBoostPredictor:benchXGBoostPredictor·p0.99","sample",1,1,5.068800,NaN,"ms/op",TREE,500,100
"benchmark.Main.benchXGBoostPredictor:benchXGBoostPredictor·p0.999","sample",1,1,5.570560,NaN,"ms/op",TREE,500,100
"benchmark.Main.benchXGBoostPredictor:benchXGBoostPredictor·p0.9999","sample",1,1,6.222479,NaN,"ms/op",TREE,500,100
"benchmark.Main.benchXGBoostPredictor:benchXGBoostPredictor·p1.00","sample",1,1,6.242304,NaN,"ms/op",TREE,500,100
"benchmark.Main.benchXGBoostPredictor","sample",1,2962,24.129638,0.048141,"ms/op",TREE,500,500
"benchmark.Main.benchXGBoostPredictor:benchXGBoostPredictor·p0.00","sample",1,1,22.118400,NaN,"ms/op",TREE,500,500
"benchmark.Main.benchXGBoostPredictor:benchXGBoostPredictor·p0.50","sample",1,1,24.018944,NaN,"ms/op",TREE,500,500
"benchmark.Main.benchXGBoostPredictor:benchXGBoostPredictor·p0.90","sample",1,1,25.034752,NaN,"ms/op",TREE,500,500
"benchmark.Main.benchXGBoostPredictor:benchXGBoostPredictor·p0.95","sample",1,1,25.455821,NaN,"ms/op",TREE,500,500
"benchmark.Main.benchXGBoostPredictor:benchXGBoostPredictor·p0.99","sample",1,1,26.607616,NaN,"ms/op",TREE,500,500
"benchmark.Main.benchXGBoostPredictor:benchXGBoostPredictor·p0.999","sample",1,1,31.233966,NaN,"ms/op",TREE,500,500
"benchmark.Main.benchXGBoostPredictor:benchXGBoostPredictor·p0.9999","sample",1,1,32.473088,NaN,"ms/op",TREE,500,500
"benchmark.Main.benchXGBoostPredictor:benchXGBoostPredictor·p1.00","sample",1,1,32.473088,NaN,"ms/op",TREE,500,500
"benchmark.Main.benchXGBoostPredictor","sample",1,1386,48.470397,0.132149,"ms/op",TREE,500,1000
"benchmark.Main.benchXGBoostPredictor:benchXGBoostPredictor·p0.00","sample",1,1,44.761088,NaN,"ms/op",TREE,500,1000
"benchmark.Main.benchXGBoostPredictor:benchXGBoostPredictor·p0.50","sample",1,1,48.496640,NaN,"ms/op",TREE,500,1000
"benchmark.Main.benchXGBoostPredictor:benchXGBoostPredictor·p0.90","sample",1,1,50.266112,NaN,"ms/op",TREE,500,1000
"benchmark.Main.benchXGBoostPredictor:benchXGBoostPredictor·p0.95","sample",1,1,50.832998,NaN,"ms/op",TREE,500,1000
"benchmark.Main.benchXGBoostPredictor:benchXGBoostPredictor·p0.99","sample",1,1,52.371784,NaN,"ms/op",TREE,500,1000
"benchmark.Main.benchXGBoostPredictor:benchXGBoostPredictor·p0.999","sample",1,1,56.435212,NaN,"ms/op",TREE,500,1000
"benchmark.Main.benchXGBoostPredictor:benchXGBoostPredictor·p0.9999","sample",1,1,57.475072,NaN,"ms/op",TREE,500,1000
"benchmark.Main.benchXGBoostPredictor:benchXGBoostPredictor·p1.00","sample",1,1,57.475072,NaN,"ms/op",TREE,500,1000
"benchmark.Main.benchXGBoostPredictor","sample",1,9230,4.308834,0.007401,"ms/op",TREE,1000,100
"benchmark.Main.benchXGBoostPredictor:benchXGBoostPredictor·p0.00","sample",1,1,4.096000,NaN,"ms/op",TREE,1000,100
"benchmark.Main.benchXGBoostPredictor:benchXGBoostPredictor·p0.50","sample",1,1,4.251648,NaN,"ms/op",TREE,1000,100
"benchmark.Main.benchXGBoostPredictor:benchXGBoostPredictor·p0.90","sample",1,1,4.422861,NaN,"ms/op",TREE,1000,100
"benchmark.Main.benchXGBoostPredictor:benchXGBoostPredictor·p0.95","sample",1,1,4.628480,NaN,"ms/op",TREE,1000,100
"benchmark.Main.benchXGBoostPredictor:benchXGBoostPredictor·p0.99","sample",1,1,5.658132,NaN,"ms/op",TREE,1000,100
"benchmark.Main.benchXGBoostPredictor:benchXGBoostPredictor·p0.999","sample",1,1,5.970076,NaN,"ms/op",TREE,1000,100
"benchmark.Main.benchXGBoostPredictor:benchXGBoostPredictor·p0.9999","sample",1,1,6.430720,NaN,"ms/op",TREE,1000,100
"benchmark.Main.benchXGBoostPredictor:benchXGBoostPredictor·p1.00","sample",1,1,6.430720,NaN,"ms/op",TREE,1000,100
"benchmark.Main.benchXGBoostPredictor","sample",1,2236,27.153124,0.084567,"ms/op",TREE,1000,500
"benchmark.Main.benchXGBoostPredictor:benchXGBoostPredictor·p0.00","sample",1,1,23.429120,NaN,"ms/op",TREE,1000,500
"benchmark.Main.benchXGBoostPredictor:benchXGBoostPredictor·p0.50","sample",1,1,27.230208,NaN,"ms/op",TREE,1000,500
"benchmark.Main.benchXGBoostPredictor:benchXGBoostPredictor·p0.90","sample",1,1,28.508160,NaN,"ms/op",TREE,1000,500
"benchmark.Main.benchXGBoostPredictor:benchXGBoostPredictor·p0.95","sample",1,1,28.939059,NaN,"ms/op",TREE,1000,500
"benchmark.Main.benchXGBoostPredictor:benchXGBoostPredictor·p0.99","sample",1,1,30.274028,NaN,"ms/op",TREE,1000,500
"benchmark.Main.benchXGBoostPredictor:benchXGBoostPredictor·p0.999","sample",1,1,34.301084,NaN,"ms/op",TREE,1000,500
"benchmark.Main.benchXGBoostPredictor:benchXGBoostPredictor·p0.9999","sample",1,1,35.913728,NaN,"ms/op",TREE,1000,500
"benchmark.Main.benchXGBoostPredictor:benchXGBoostPredictor·p1.00","sample",1,1,35.913728,NaN,"ms/op",TREE,1000,500
"benchmark.Main.benchXGBoostPredictor","sample",1,1162,52.242457,0.166971,"ms/op",TREE,1000,1000
"benchmark.Main.benchXGBoostPredictor:benchXGBoostPredictor·p0.00","sample",1,1,46.727168,NaN,"ms/op",TREE,1000,1000
"benchmark.Main.benchXGBoostPredictor:benchXGBoostPredictor·p0.50","sample",1,1,52.297728,NaN,"ms/op",TREE,1000,1000
"benchmark.Main.benchXGBoostPredictor:benchXGBoostPredictor·p0.90","sample",1,1,54.263808,NaN,"ms/op",TREE,1000,1000
"benchmark.Main.benchXGBoostPredictor:benchXGBoostPredictor·p0.95","sample",1,1,54.974874,NaN,"ms/op",TREE,1000,1000
"benchmark.Main.benchXGBoostPredictor:benchXGBoostPredictor·p0.99","sample",1,1,57.212928,NaN,"ms/op",TREE,1000,1000
"benchmark.Main.benchXGBoostPredictor:benchXGBoostPredictor·p0.999","sample",1,1,58.808599,NaN,"ms/op",TREE,1000,1000
"benchmark.Main.benchXGBoostPredictor:benchXGBoostPredictor·p0.9999","sample",1,1,58.851328,NaN,"ms/op",TREE,1000,1000
"benchmark.Main.benchXGBoostPredictor:benchXGBoostPredictor·p1.00","sample",1,1,58.851328,NaN,"ms/op",TREE,1000,1000
