"Benchmark","Mode","Threads","Samples","Score","Score Error (99.9%)","Unit","Param: boosterType","Param: numberOfColumns","Param: numberOfRows"
"benchmark.Main.benchPMML","sample",1,51148,0.973145,0.020054,"ms/op",LINEAR,100,100
"benchmark.Main.benchPMML:benchPMML·p0.00","sample",1,1,0.868352,NaN,"ms/op",LINEAR,100,100
"benchmark.Main.benchPMML:benchPMML·p0.50","sample",1,1,0.913408,NaN,"ms/op",LINEAR,100,100
"benchmark.Main.benchPMML:benchPMML·p0.90","sample",1,1,0.975872,NaN,"ms/op",LINEAR,100,100
"benchmark.Main.benchPMML:benchPMML·p0.95","sample",1,1,1.010688,NaN,"ms/op",LINEAR,100,100
"benchmark.Main.benchPMML:benchPMML·p0.99","sample",1,1,1.363005,NaN,"ms/op",LINEAR,100,100
"benchmark.Main.benchPMML:benchPMML·p0.999","sample",1,1,41.212379,NaN,"ms/op",LINEAR,100,100
"benchmark.Main.benchPMML:benchPMML·p0.9999","sample",1,1,44.126083,NaN,"ms/op",LINEAR,100,100
"benchmark.Main.benchPMML:benchPMML·p1.00","sample",1,1,53.805056,NaN,"ms/op",LINEAR,100,100
"benchmark.Main.benchPMML","sample",1,14232,4.735238,0.053667,"ms/op",LINEAR,100,500
"benchmark.Main.benchPMML:benchPMML·p0.00","sample",1,1,4.300800,NaN,"ms/op",LINEAR,100,500
"benchmark.Main.benchPMML:benchPMML·p0.50","sample",1,1,4.603904,NaN,"ms/op",LINEAR,100,500
"benchmark.Main.benchPMML:benchPMML·p0.90","sample",1,1,4.792320,NaN,"ms/op",LINEAR,100,500
"benchmark.Main.benchPMML:benchPMML·p0.95","sample",1,1,5.013504,NaN,"ms/op",LINEAR,100,500
"benchmark.Main.benchPMML:benchPMML·p0.99","sample",1,1,6.452593,NaN,"ms/op",LINEAR,100,500
"benchmark.Main.benchPMML:benchPMML·p0.999","sample",1,1,30.746247,NaN,"ms/op",LINEAR,100,500
"benchmark.Main.benchPMML:benchPMML·p0.9999","sample",1,1,34.902567,NaN,"ms/op",LINEAR,100,500
"benchmark.Main.benchPMML:benchPMML·p1.00","sample",1,1,35.651584,NaN,"ms/op",LINEAR,100,500
"benchmark.Main.benchPMML","sample",1,7401,9.277918,0.087547,"ms/op",LINEAR,100,1000
"benchmark.Main.benchPMML:benchPMML·p0.00","sample",1,1,8.699904,NaN,"ms/op",LINEAR,100,1000
"benchmark.Main.benchPMML:benchPMML·p0.50","sample",1,1,8.945664,NaN,"ms/op",LINEAR,100,1000
"benchmark.Main.benchPMML:benchPMML·p0.90","sample",1,1,9.306112,NaN,"ms/op",LINEAR,100,1000
"benchmark.Main.benchPMML:benchPMML·p0.95","sample",1,1,9.732096,NaN,"ms/op",LINEAR,100,1000
"benchmark.Main.benchPMML:benchPMML·p0.99","sample",1,1,28.801761,NaN,"ms/op",LINEAR,100,1000
"benchmark.Main.benchPMML:benchPMML·p0.999","sample",1,1,30.710039,NaN,"ms/op",LINEAR,100,1000
"benchmark.Main.benchPMML:benchPMML·p0.9999","sample",1,1,31.653888,NaN,"ms/op",LINEAR,100,1000
"benchmark.Main.benchPMML:benchPMML·p1.00","sample",1,1,31.653888,NaN,"ms/op",LINEAR,100,1000
"benchmark.Main.benchPMML","sample",1,10498,6.058203,0.101508,"ms/op",LINEAR,500,100
"benchmark.Main.benchPMML:benchPMML·p0.00","sample",1,1,5.513216,NaN,"ms/op",LINEAR,500,100
"benchmark.Main.benchPMML:benchPMML·p0.50","sample",1,1,5.742592,NaN,"ms/op",LINEAR,500,100
"benchmark.Main.benchPMML:benchPMML·p0.90","sample",1,1,6.086656,NaN,"ms/op",LINEAR,500,100
"benchmark.Main.benchPMML:benchPMML·p0.95","sample",1,1,6.340608,NaN,"ms/op",LINEAR,500,100
"benchmark.Main.benchPMML:benchPMML·p0.99","sample",1,1,9.536307,NaN,"ms/op",LINEAR,500,100
"benchmark.Main.benchPMML:benchPMML·p0.999","sample",1,1,51.413713,NaN,"ms/op",LINEAR,500,100
"benchmark.Main.benchPMML:benchPMML·p0.9999","sample",1,1,57.114952,NaN,"ms/op",LINEAR,500,100
"benchmark.Main.benchPMML:benchPMML·p1.00","sample",1,1,57.278464,NaN,"ms/op",LINEAR,500,100
"benchmark.Main.benchPMML","sample",1,2649,29.258707,0.260655,"ms/op",LINEAR,500,500
"benchmark.Main.benchPMML:benchPMML·p0.00","sample",1,1,26.640384,NaN,"ms/op",LINEAR,500,500
"benchmark.Main.benchPMML:benchPMML·p0.50","sample",1,1,29.491200,NaN,"ms/op",LINEAR,500,500
"benchmark.Main.benchPMML:benchPMML·p0.90","sample",1,1,30.408704,NaN,"ms/op",LINEAR,500,500
"benchmark.Main.benchPMML:benchPMML·p0.95","sample",1,1,31.424512,NaN,"ms/op",LINEAR,500,500
"benchmark.Main.benchPMML:benchPMML·p0.99","sample",1,1,52.887552,NaN,"ms/op",LINEAR,500,500
"benchmark.Main.benchPMML:benchPMML·p0.999","sample",1,1,59.470643,NaN,"ms/op",LINEAR,500,500
"benchmark.Main.benchPMML:benchPMML·p0.9999","sample",1,1,65.273856,NaN,"ms/op",LINEAR,500,500
"benchmark.Main.benchPMML:benchPMML·p1.00","sample",1,1,65.273856,NaN,"ms/op",LINEAR,500,500
"benchmark.Main.benchPMML","sample",1,1306,55.119841,0.463404,"ms/op",LINEAR,500,1000
"benchmark.Main.benchPMML:benchPMML·p0.00","sample",1,1,50.659328,NaN,"ms/op",LINEAR,500,1000
"benchmark.Main.benchPMML:benchPMML·p0.50","sample",1,1,55.640064,NaN,"ms/op",LINEAR,500,1000
"benchmark.Main.benchPMML:benchPMML·p0.90","sample",1,1,57.802752,NaN,"ms/op",LINEAR,500,1000
"benchmark.Main.benchPMML:benchPMML·p0.95","sample",1,1,68.327834,NaN,"ms/op",LINEAR,500,1000
"benchmark.Main.benchPMML:benchPMML·p0.99","sample",1,1,75.881513,NaN,"ms/op",LINEAR,500,1000
"benchmark.Main.benchPMML:benchPMML·p0.999","sample",1,1,90.925171,NaN,"ms/op",LINEAR,500,1000
"benchmark.Main.benchPMML:benchPMML·p0.9999","sample",1,1,96.075776,NaN,"ms/op",LINEAR,500,1000
"benchmark.Main.benchPMML:benchPMML·p1.00","sample",1,1,96.075776,NaN,"ms/op",LINEAR,500,1000
"benchmark.Main.benchPMML","sample",1,5427,12.133588,0.190594,"ms/op",LINEAR,1000,100
"benchmark.Main.benchPMML:benchPMML·p0.00","sample",1,1,11.157504,NaN,"ms/op",LINEAR,1000,100
"benchmark.Main.benchPMML:benchPMML·p0.50","sample",1,1,11.649024,NaN,"ms/op",LINEAR,1000,100
"benchmark.Main.benchPMML:benchPMML·p0.90","sample",1,1,12.271616,NaN,"ms/op",LINEAR,1000,100
"benchmark.Main.benchPMML:benchPMML·p0.95","sample",1,1,12.681216,NaN,"ms/op",LINEAR,1000,100
"benchmark.Main.benchPMML:benchPMML·p0.99","sample",1,1,22.228500,NaN,"ms/op",LINEAR,1000,100
"benchmark.Main.benchPMML:benchPMML·p0.999","sample",1,1,60.546089,NaN,"ms/op",LINEAR,1000,100
"benchmark.Main.benchPMML:benchPMML·p0.9999","sample",1,1,63.045632,NaN,"ms/op",LINEAR,1000,100
"benchmark.Main.benchPMML:benchPMML·p1.00","sample",1,1,63.045632,NaN,"ms/op",LINEAR,1000,100
"benchmark.Main.benchPMML","sample",1,1322,60.371892,0.525887,"ms/op",LINEAR,1000,500
"benchmark.Main.benchPMML:benchPMML·p0.00","sample",1,1,55.967744,NaN,"ms/op",LINEAR,1000,500
"benchmark.Main.benchPMML:benchPMML·p0.50","sample",1,1,60.227584,NaN,"ms/op",LINEAR,1000,500
"benchmark.Main.benchPMML:benchPMML·p0.90","sample",1,1,62.390272,NaN,"ms/op",LINEAR,1000,500
"benchmark.Main.benchPMML:benchPMML·p0.95","sample",1,1,78.132019,NaN,"ms/op",LINEAR,1000,500
"benchmark.Main.benchPMML:benchPMML·p0.99","sample",1,1,85.428797,NaN,"ms/op",LINEAR,1000,500
"benchmark.Main.benchPMML:benchPMML·p0.999","sample",1,1,92.813525,NaN,"ms/op",LINEAR,1000,500
"benchmark.Main.benchPMML:benchPMML·p0.9999","sample",1,1,94.633984,NaN,"ms/op",LINEAR,1000,500
"benchmark.Main.benchPMML:benchPMML·p1.00","sample",1,1,94.633984,NaN,"ms/op",LINEAR,1000,500
"benchmark.Main.benchPMML","sample",1,647,122.935002,0.909737,"ms/op",LINEAR,1000,1000
"benchmark.Main.benchPMML:benchPMML·p0.00","sample",1,1,115.474432,NaN,"ms/op",LINEAR,1000,1000
"benchmark.Main.benchPMML:benchPMML·p0.50","sample",1,1,123.207680,NaN,"ms/op",LINEAR,1000,1000
"benchmark.Main.benchPMML:benchPMML·p0.90","sample",1,1,133.457510,NaN,"ms/op",LINEAR,1000,1000
"benchmark.Main.benchPMML:benchPMML·p0.95","sample",1,1,140.561613,NaN,"ms/op",LINEAR,1000,1000
"benchmark.Main.benchPMML:benchPMML·p0.99","sample",1,1,144.976118,NaN,"ms/op",LINEAR,1000,1000
"benchmark.Main.benchPMML:benchPMML·p0.999","sample",1,1,156.237824,NaN,"ms/op",LINEAR,1000,1000
"benchmark.Main.benchPMML:benchPMML·p0.9999","sample",1,1,156.237824,NaN,"ms/op",LINEAR,1000,1000
"benchmark.Main.benchPMML:benchPMML·p1.00","sample",1,1,156.237824,NaN,"ms/op",LINEAR,1000,1000
"benchmark.Main.benchPMML","sample",1,12498,6.790197,0.024569,"ms/op",TREE,100,100
"benchmark.Main.benchPMML:benchPMML·p0.00","sample",1,1,6.365184,NaN,"ms/op",TREE,100,100
"benchmark.Main.benchPMML:benchPMML·p0.50","sample",1,1,6.643712,NaN,"ms/op",TREE,100,100
"benchmark.Main.benchPMML:benchPMML·p0.90","sample",1,1,6.946816,NaN,"ms/op",TREE,100,100
"benchmark.Main.benchPMML:benchPMML·p0.95","sample",1,1,7.249920,NaN,"ms/op",TREE,100,100
"benchmark.Main.benchPMML:benchPMML·p0.99","sample",1,1,12.599460,NaN,"ms/op",TREE,100,100
"benchmark.Main.benchPMML:benchPMML·p0.999","sample",1,1,15.564833,NaN,"ms/op",TREE,100,100
"benchmark.Main.benchPMML:benchPMML·p0.9999","sample",1,1,19.636653,NaN,"ms/op",TREE,100,100
"benchmark.Main.benchPMML:benchPMML·p1.00","sample",1,1,20.709376,NaN,"ms/op",TREE,100,100
"benchmark.Main.benchPMML","sample",1,2807,32.974986,0.087718,"ms/op",TREE,100,500
"benchmark.Main.benchPMML:benchPMML·p0.00","sample",1,1,31.358976,NaN,"ms/op",TREE,100,500
"benchmark.Main.benchPMML:benchPMML·p0.50","sample",1,1,32.636928,NaN,"ms/op",TREE,100,500
"benchmark.Main.benchPMML:benchPMML·p0.90","sample",1,1,34.144256,NaN,"ms/op",TREE,100,500
"benchmark.Main.benchPMML:benchPMML·p0.95","sample",1,1,36.438016,NaN,"ms/op",TREE,100,500
"benchmark.Main.benchPMML:benchPMML·p0.99","sample",1,1,38.660997,NaN,"ms/op",TREE,100,500
"benchmark.Main.benchPMML:benchPMML·p0.999","sample",1,1,44.415582,NaN,"ms/op",TREE,100,500
"benchmark.Main.benchPMML:benchPMML·p0.9999","sample",1,1,45.219840,NaN,"ms/op",TREE,100,500
"benchmark.Main.benchPMML:benchPMML·p1.00","sample",1,1,45.219840,NaN,"ms/op",TREE,100,500
"benchmark.Main.benchPMML","sample",1,1425,66.273728,0.191906,"ms/op",TREE,100,1000
"benchmark.Main.benchPMML:benchPMML·p0.00","sample",1,1,62.914560,NaN,"ms/op",TREE,100,1000
"benchmark.Main.benchPMML:benchPMML·p0.50","sample",1,1,65.929216,NaN,"ms/op",TREE,100,1000
"benchmark.Main.benchPMML:benchPMML·p0.90","sample",1,1,69.206016,NaN,"ms/op",TREE,100,1000
"benchmark.Main.benchPMML:benchPMML·p0.95","sample",1,1,70.516736,NaN,"ms/op",TREE,100,1000
"benchmark.Main.benchPMML:benchPMML·p0.99","sample",1,1,73.987523,NaN,"ms/op",TREE,100,1000
"benchmark.Main.benchPMML:benchPMML·p0.999","sample",1,1,83.774407,NaN,"ms/op",TREE,100,1000
"benchmark.Main.benchPMML:benchPMML·p0.9999","sample",1,1,83.886080,NaN,"ms/op",TREE,100,1000
"benchmark.Main.benchPMML:benchPMML·p1.00","sample",1,1,83.886080,NaN,"ms/op",TREE,100,1000
"benchmark.Main.benchPMML","sample",1,9694,6.752456,0.085234,"ms/op",TREE,500,100
"benchmark.Main.benchPMML:benchPMML·p0.00","sample",1,1,6.209536,NaN,"ms/op",TREE,500,100
"benchmark.Main.benchPMML:benchPMML·p0.50","sample",1,1,6.414336,NaN,"ms/op",TREE,500,100
"benchmark.Main.benchPMML:benchPMML·p0.90","sample",1,1,6.750208,NaN,"ms/op",TREE,500,100
"benchmark.Main.benchPMML:benchPMML·p0.95","sample",1,1,7.028736,NaN,"ms/op",TREE,500,100
"benchmark.Main.benchPMML:benchPMML·p0.99","sample",1,1,29.196288,NaN,"ms/op",TREE,500,100
"benchmark.Main.benchPMML:benchPMML·p0.999","sample",1,1,33.771028,NaN,"ms/op",TREE,500,100
"benchmark.Main.benchPMML:benchPMML·p0.9999","sample",1,1,35.127296,NaN,"ms/op",TREE,500,100
"benchmark.Main.benchPMML:benchPMML·p1.00","sample",1,1,35.127296,NaN,"ms/op",TREE,500,100
"benchmark.Main.benchPMML","sample",1,2363,33.004490,0.207791,"ms/op",TREE,500,500
"benchmark.Main.benchPMML:benchPMML·p0.00","sample",1,1,31.195136,NaN,"ms/op",TREE,500,500
"benchmark.Main.benchPMML:benchPMML·p0.50","sample",1,1,32.178176,NaN,"ms/op",TREE,500,500
"benchmark.Main.benchPMML:benchPMML·p0.90","sample",1,1,33.554432,NaN,"ms/op",TREE,500,500
"benchmark.Main.benchPMML:benchPMML·p0.95","sample",1,1,43.830477,NaN,"ms/op",TREE,500,500
"benchmark.Main.benchPMML:benchPMML·p0.99","sample",1,1,46.541046,NaN,"ms/op",TREE,500,500
"benchmark.Main.benchPMML:benchPMML·p0.999","sample",1,1,49.336287,NaN,"ms/op",TREE,500,500
"benchmark.Main.benchPMML:benchPMML·p0.9999","sample",1,1,53.608448,NaN,"ms/op",TREE,500,500
"benchmark.Main.benchPMML:benchPMML·p1.00","sample",1,1,53.608448,NaN,"ms/op",TREE,500,500
"benchmark.Main.benchPMML","sample",1,1141,64.815736,0.437146,"ms/op",TREE,500,1000
"benchmark.Main.benchPMML:benchPMML·p0.00","sample",1,1,60.424192,NaN,"ms/op",TREE,500,1000
"benchmark.Main.benchPMML:benchPMML·p0.50","sample",1,1,63.307776,NaN,"ms/op",TREE,500,1000
"benchmark.Main.benchPMML:benchPMML·p0.90","sample",1,1,72.456602,NaN,"ms/op",TREE,500,1000
"benchmark.Main.benchPMML:benchPMML·p0.95","sample",1,1,74.435789,NaN,"ms/op",TREE,500,1000
"benchmark.Main.benchPMML:benchPMML·p0.99","sample",1,1,79.285453,NaN,"ms/op",TREE,500,1000
"benchmark.Main.benchPMML:benchPMML·p0.999","sample",1,1,95.478612,NaN,"ms/op",TREE,500,1000
"benchmark.Main.benchPMML:benchPMML·p0.9999","sample",1,1,95.813632,NaN,"ms/op",TREE,500,1000
"benchmark.Main.benchPMML:benchPMML·p1.00","sample",1,1,95.813632,NaN,"ms/op",TREE,500,1000
"benchmark.Main.benchPMML","sample",1,7364,7.074038,0.162953,"ms/op",TREE,1000,100
"benchmark.Main.benchPMML:benchPMML·p0.00","sample",1,1,6.062080,NaN,"ms/op",TREE,1000,100
"benchmark.Main.benchPMML:benchPMML·p0.50","sample",1,1,6.381568,NaN,"ms/op",TREE,1000,100
"benchmark.Main.benchPMML:benchPMML·p0.90","sample",1,1,7.217152,NaN,"ms/op",TREE,1000,100
"benchmark.Main.benchPMML:benchPMML·p0.95","sample",1,1,7.919616,NaN,"ms/op",TREE,1000,100
"benchmark.Main.benchPMML:benchPMML·p0.99","sample",1,1,42.293658,NaN,"ms/op",TREE,1000,100
"benchmark.Main.benchPMML:benchPMML·p0.999","sample",1,1,48.460268,NaN,"ms/op",TREE,1000,100
"benchmark.Main.benchPMML:benchPMML·p0.9999","sample",1,1,68.681728,NaN,"ms/op",TREE,1000,100
"benchmark.Main.benchPMML:benchPMML·p1.00","sample",1,1,68.681728,NaN,"ms/op",TREE,1000,100
"benchmark.Main.benchPMML","sample",1,1992,33.250900,0.373121,"ms/op",TREE,1000,500
"benchmark.Main.benchPMML:benchPMML·p0.00","sample",1,1,30.834688,NaN,"ms/op",TREE,1000,500
"benchmark.Main.benchPMML:benchPMML·p0.50","sample",1,1,31.817728,NaN,"ms/op",TREE,1000,500
"benchmark.Main.benchPMML:benchPMML·p0.90","sample",1,1,33.685504,NaN,"ms/op",TREE,1000,500
"benchmark.Main.benchPMML:benchPMML·p0.95","sample",1,1,51.468698,NaN,"ms/op",TREE,1000,500
"benchmark.Main.benchPMML:benchPMML·p0.99","sample",1,1,54.347694,NaN,"ms/op",TREE,1000,500
"benchmark.Main.benchPMML:benchPMML·p0.999","sample",1,1,61.416407,NaN,"ms/op",TREE,1000,500
"benchmark.Main.benchPMML:benchPMML·p0.9999","sample",1,1,62.717952,NaN,"ms/op",TREE,1000,500
"benchmark.Main.benchPMML:benchPMML·p1.00","sample",1,1,62.717952,NaN,"ms/op",TREE,1000,500
"benchmark.Main.benchPMML","sample",1,1015,66.332311,0.672341,"ms/op",TREE,1000,1000
"benchmark.Main.benchPMML:benchPMML·p0.00","sample",1,1,61.997056,NaN,"ms/op",TREE,1000,1000
"benchmark.Main.benchPMML:benchPMML·p0.50","sample",1,1,63.700992,NaN,"ms/op",TREE,1000,1000
"benchmark.Main.benchPMML:benchPMML·p0.90","sample",1,1,78.774272,NaN,"ms/op",TREE,1000,1000
"benchmark.Main.benchPMML:benchPMML·p0.95","sample",1,1,80.609280,NaN,"ms/op",TREE,1000,1000
"benchmark.Main.benchPMML:benchPMML·p0.99","sample",1,1,88.767201,NaN,"ms/op",TREE,1000,1000
"benchmark.Main.benchPMML:benchPMML·p0.999","sample",1,1,109.879230,NaN,"ms/op",TREE,1000,1000
"benchmark.Main.benchPMML:benchPMML·p0.9999","sample",1,1,109.969408,NaN,"ms/op",TREE,1000,1000
"benchmark.Main.benchPMML:benchPMML·p1.00","sample",1,1,109.969408,NaN,"ms/op",TREE,1000,1000
"benchmark.Main.benchRJavaCaret","sample",1,17662,4.605591,0.087102,"ms/op",LINEAR,100,100
"benchmark.Main.benchRJavaCaret:benchRJavaCaret·p0.00","sample",1,1,4.009984,NaN,"ms/op",LINEAR,100,100
"benchmark.Main.benchRJavaCaret:benchRJavaCaret·p0.50","sample",1,1,4.235264,NaN,"ms/op",LINEAR,100,100
"benchmark.Main.benchRJavaCaret:benchRJavaCaret·p0.90","sample",1,1,5.079040,NaN,"ms/op",LINEAR,100,100
"benchmark.Main.benchRJavaCaret:benchRJavaCaret·p0.95","sample",1,1,6.266880,NaN,"ms/op",LINEAR,100,100
"benchmark.Main.benchRJavaCaret:benchRJavaCaret·p0.99","sample",1,1,6.993838,NaN,"ms/op",LINEAR,100,100
"benchmark.Main.benchRJavaCaret:benchRJavaCaret·p0.999","sample",1,1,90.614923,NaN,"ms/op",LINEAR,100,100
"benchmark.Main.benchRJavaCaret:benchRJavaCaret·p0.9999","sample",1,1,94.407465,NaN,"ms/op",LINEAR,100,100
"benchmark.Main.benchRJavaCaret:benchRJavaCaret·p1.00","sample",1,1,95.813632,NaN,"ms/op",LINEAR,100,100
"benchmark.Main.benchRJavaCaret","sample",1,11801,6.122573,0.292619,"ms/op",LINEAR,100,500
"benchmark.Main.benchRJavaCaret:benchRJavaCaret·p0.00","sample",1,1,4.489216,NaN,"ms/op",LINEAR,100,500
"benchmark.Main.benchRJavaCaret:benchRJavaCaret·p0.50","sample",1,1,4.726784,NaN,"ms/op",LINEAR,100,500
"benchmark.Main.benchRJavaCaret:benchRJavaCaret·p0.90","sample",1,1,6.021120,NaN,"ms/op",LINEAR,100,500
"benchmark.Main.benchRJavaCaret:benchRJavaCaret·p0.95","sample",1,1,6.332416,NaN,"ms/op",LINEAR,100,500
"benchmark.Main.benchRJavaCaret:benchRJavaCaret·p0.99","sample",1,1,86.638592,NaN,"ms/op",LINEAR,100,500
"benchmark.Main.benchRJavaCaret:benchRJavaCaret·p0.999","sample",1,1,89.784320,NaN,"ms/op",LINEAR,100,500
"benchmark.Main.benchRJavaCaret:benchRJavaCaret·p0.9999","sample",1,1,92.754071,NaN,"ms/op",LINEAR,100,500
"benchmark.Main.benchRJavaCaret:benchRJavaCaret·p1.00","sample",1,1,93.061120,NaN,"ms/op",LINEAR,100,500
"benchmark.Main.benchRJavaCaret","sample",1,9527,7.215290,0.380475,"ms/op",LINEAR,100,1000
"benchmark.Main.benchRJavaCaret:benchRJavaCaret·p0.00","sample",1,1,4.980736,NaN,"ms/op",LINEAR,100,1000
"benchmark.Main.benchRJavaCaret:benchRJavaCaret·p0.50","sample",1,1,5.267456,NaN,"ms/op",LINEAR,100,1000
"benchmark.Main.benchRJavaCaret:benchRJavaCaret·p0.90","sample",1,1,6.660096,NaN,"ms/op",LINEAR,100,1000
"benchmark.Main.benchRJavaCaret:benchRJavaCaret·p0.95","sample",1,1,6.840320,NaN,"ms/op",LINEAR,100,1000
"benchmark.Main.benchRJavaCaret:benchRJavaCaret·p0.99","sample",1,1,88.080384,NaN,"ms/op",LINEAR,100,1000
"benchmark.Main.benchRJavaCaret:benchRJavaCaret·p0.999","sample",1,1,90.595918,NaN,"ms/op",LINEAR,100,1000
"benchmark.Main.benchRJavaCaret:benchRJavaCaret·p0.9999","sample",1,1,104.595456,NaN,"ms/op",LINEAR,100,1000
"benchmark.Main.benchRJavaCaret:benchRJavaCaret·p1.00","sample",1,1,104.595456,NaN,"ms/op",LINEAR,100,1000
"benchmark.Main.benchRJavaCaret","sample",1,3680,23.948635,0.485614,"ms/op",LINEAR,500,100
"benchmark.Main.benchRJavaCaret:benchRJavaCaret·p0.00","sample",1,1,21.168128,NaN,"ms/op",LINEAR,500,100
"benchmark.Main.benchRJavaCaret:benchRJavaCaret·p0.50","sample",1,1,22.315008,NaN,"ms/op",LINEAR,500,100
"benchmark.Main.benchRJavaCaret:benchRJavaCaret·p0.90","sample",1,1,25.195315,NaN,"ms/op",LINEAR,500,100
"benchmark.Main.benchRJavaCaret:benchRJavaCaret·p0.95","sample",1,1,25.690112,NaN,"ms/op",LINEAR,500,100
"benchmark.Main.benchRJavaCaret:benchRJavaCaret·p0.99","sample",1,1,107.946967,NaN,"ms/op",LINEAR,500,100
"benchmark.Main.benchRJavaCaret:benchRJavaCaret·p0.999","sample",1,1,111.937847,NaN,"ms/op",LINEAR,500,100
"benchmark.Main.benchRJavaCaret:benchRJavaCaret·p0.9999","sample",1,1,124.256256,NaN,"ms/op",LINEAR,500,100
"benchmark.Main.benchRJavaCaret:benchRJavaCaret·p1.00","sample",1,1,124.256256,NaN,"ms/op",LINEAR,500,100
"benchmark.Main.benchRJavaCaret","sample",1,2755,27.924021,0.882759,"ms/op",LINEAR,500,500
"benchmark.Main.benchRJavaCaret:benchRJavaCaret·p0.00","sample",1,1,23.658496,NaN,"ms/op",LINEAR,500,500
"benchmark.Main.benchRJavaCaret:benchRJavaCaret·p0.50","sample",1,1,24.870912,NaN,"ms/op",LINEAR,500,500
"benchmark.Main.benchRJavaCaret:benchRJavaCaret·p0.90","sample",1,1,27.800371,NaN,"ms/op",LINEAR,500,500
"benchmark.Main.benchRJavaCaret:benchRJavaCaret·p0.95","sample",1,1,34.183578,NaN,"ms/op",LINEAR,500,500
"benchmark.Main.benchRJavaCaret:benchRJavaCaret·p0.99","sample",1,1,110.493696,NaN,"ms/op",LINEAR,500,500
"benchmark.Main.benchRJavaCaret:benchRJavaCaret·p0.999","sample",1,1,131.114467,NaN,"ms/op",LINEAR,500,500
"benchmark.Main.benchRJavaCaret:benchRJavaCaret·p0.9999","sample",1,1,206.831616,NaN,"ms/op",LINEAR,500,500
"benchmark.Main.benchRJavaCaret:benchRJavaCaret·p1.00","sample",1,1,206.831616,NaN,"ms/op",LINEAR,500,500
"benchmark.Main.benchRJavaCaret","sample",1,1892,36.453621,1.920217,"ms/op",LINEAR,500,1000
"benchmark.Main.benchRJavaCaret:benchRJavaCaret·p0.00","sample",1,1,25.952256,NaN,"ms/op",LINEAR,500,1000
"benchmark.Main.benchRJavaCaret:benchRJavaCaret·p0.50","sample",1,1,28.114944,NaN,"ms/op",LINEAR,500,1000
"benchmark.Main.benchRJavaCaret:benchRJavaCaret·p0.90","sample",1,1,109.314048,NaN,"ms/op",LINEAR,500,1000
"benchmark.Main.benchRJavaCaret:benchRJavaCaret·p0.95","sample",1,1,111.542272,NaN,"ms/op",LINEAR,500,1000
"benchmark.Main.benchRJavaCaret:benchRJavaCaret·p0.99","sample",1,1,114.041815,NaN,"ms/op",LINEAR,500,1000
"benchmark.Main.benchRJavaCaret:benchRJavaCaret·p0.999","sample",1,1,123.919139,NaN,"ms/op",LINEAR,500,1000
"benchmark.Main.benchRJavaCaret:benchRJavaCaret·p0.9999","sample",1,1,124.387328,NaN,"ms/op",LINEAR,500,1000
"benchmark.Main.benchRJavaCaret:benchRJavaCaret·p1.00","sample",1,1,124.387328,NaN,"ms/op",LINEAR,500,1000
"benchmark.Main.benchRJavaCaret","sample",1,1388,66.274838,1.339825,"ms/op",LINEAR,1000,100
"benchmark.Main.benchRJavaCaret:benchRJavaCaret·p0.00","sample",1,1,58.720256,NaN,"ms/op",LINEAR,1000,100
"benchmark.Main.benchRJavaCaret:benchRJavaCaret·p0.50","sample",1,1,63.111168,NaN,"ms/op",LINEAR,1000,100
"benchmark.Main.benchRJavaCaret:benchRJavaCaret·p0.90","sample",1,1,68.301619,NaN,"ms/op",LINEAR,1000,100
"benchmark.Main.benchRJavaCaret:benchRJavaCaret·p0.95","sample",1,1,77.941965,NaN,"ms/op",LINEAR,1000,100
"benchmark.Main.benchRJavaCaret:benchRJavaCaret·p0.99","sample",1,1,149.975204,NaN,"ms/op",LINEAR,1000,100
"benchmark.Main.benchRJavaCaret:benchRJavaCaret·p0.999","sample",1,1,211.120030,NaN,"ms/op",LINEAR,1000,100
"benchmark.Main.benchRJavaCaret:benchRJavaCaret·p0.9999","sample",1,1,238.551040,NaN,"ms/op",LINEAR,1000,100
"benchmark.Main.benchRJavaCaret:benchRJavaCaret·p1.00","sample",1,1,238.551040,NaN,"ms/op",LINEAR,1000,100
"benchmark.Main.benchRJavaCaret","sample",1,1027,79.347313,1.423027,"ms/op",LINEAR,1000,500
"benchmark.Main.benchRJavaCaret:benchRJavaCaret·p0.00","sample",1,1,69.468160,NaN,"ms/op",LINEAR,1000,500
"benchmark.Main.benchRJavaCaret:benchRJavaCaret·p0.50","sample",1,1,75.759616,NaN,"ms/op",LINEAR,1000,500
"benchmark.Main.benchRJavaCaret:benchRJavaCaret·p0.90","sample",1,1,85.642445,NaN,"ms/op",LINEAR,1000,500
"benchmark.Main.benchRJavaCaret:benchRJavaCaret·p0.95","sample",1,1,99.981722,NaN,"ms/op",LINEAR,1000,500
"benchmark.Main.benchRJavaCaret:benchRJavaCaret·p0.99","sample",1,1,161.753334,NaN,"ms/op",LINEAR,1000,500
"benchmark.Main.benchRJavaCaret:benchRJavaCaret·p0.999","sample",1,1,210.834031,NaN,"ms/op",LINEAR,1000,500
"benchmark.Main.benchRJavaCaret:benchRJavaCaret·p0.9999","sample",1,1,212.074496,NaN,"ms/op",LINEAR,1000,500
"benchmark.Main.benchRJavaCaret:benchRJavaCaret·p1.00","sample",1,1,212.074496,NaN,"ms/op",LINEAR,1000,500
"benchmark.Main.benchRJavaCaret","sample",1,826,90.420162,2.345076,"ms/op",LINEAR,1000,1000
"benchmark.Main.benchRJavaCaret:benchRJavaCaret·p0.00","sample",1,1,80.347136,NaN,"ms/op",LINEAR,1000,1000
"benchmark.Main.benchRJavaCaret:benchRJavaCaret·p0.50","sample",1,1,84.672512,NaN,"ms/op",LINEAR,1000,1000
"benchmark.Main.benchRJavaCaret:benchRJavaCaret·p0.90","sample",1,1,93.886874,NaN,"ms/op",LINEAR,1000,1000
"benchmark.Main.benchRJavaCaret:benchRJavaCaret·p0.95","sample",1,1,149.802189,NaN,"ms/op",LINEAR,1000,1000
"benchmark.Main.benchRJavaCaret:benchRJavaCaret·p0.99","sample",1,1,173.801472,NaN,"ms/op",LINEAR,1000,1000
"benchmark.Main.benchRJavaCaret:benchRJavaCaret·p0.999","sample",1,1,221.249536,NaN,"ms/op",LINEAR,1000,1000
"benchmark.Main.benchRJavaCaret:benchRJavaCaret·p0.9999","sample",1,1,221.249536,NaN,"ms/op",LINEAR,1000,1000
"benchmark.Main.benchRJavaCaret:benchRJavaCaret·p1.00","sample",1,1,221.249536,NaN,"ms/op",LINEAR,1000,1000
"benchmark.Main.benchRJavaCaret","sample",1,44307,1.330750,0.037956,"ms/op",TREE,100,100
"benchmark.Main.benchRJavaCaret:benchRJavaCaret·p0.00","sample",1,1,1.132544,NaN,"ms/op",TREE,100,100
"benchmark.Main.benchRJavaCaret:benchRJavaCaret·p0.50","sample",1,1,1.202176,NaN,"ms/op",TREE,100,100
"benchmark.Main.benchRJavaCaret:benchRJavaCaret·p0.90","sample",1,1,1.300480,NaN,"ms/op",TREE,100,100
"benchmark.Main.benchRJavaCaret:benchRJavaCaret·p0.95","sample",1,1,1.388544,NaN,"ms/op",TREE,100,100
"benchmark.Main.benchRJavaCaret:benchRJavaCaret·p0.99","sample",1,1,3.190784,NaN,"ms/op",TREE,100,100
"benchmark.Main.benchRJavaCaret:benchRJavaCaret·p0.999","sample",1,1,3.820618,NaN,"ms/op",TREE,100,100
"benchmark.Main.benchRJavaCaret:benchRJavaCaret·p0.9999","sample",1,1,87.162880,NaN,"ms/op",TREE,100,100
"benchmark.Main.benchRJavaCaret:benchRJavaCaret·p1.00","sample",1,1,90.177536,NaN,"ms/op",TREE,100,100
"benchmark.Main.benchRJavaCaret","sample",1,21295,1.737826,0.008915,"ms/op",TREE,100,500
"benchmark.Main.benchRJavaCaret:benchRJavaCaret·p0.00","sample",1,1,1.501184,NaN,"ms/op",TREE,100,500
"benchmark.Main.benchRJavaCaret:benchRJavaCaret·p0.50","sample",1,1,1.609728,NaN,"ms/op",TREE,100,500
"benchmark.Main.benchRJavaCaret:benchRJavaCaret·p0.90","sample",1,1,1.855488,NaN,"ms/op",TREE,100,500
"benchmark.Main.benchRJavaCaret:benchRJavaCaret·p0.95","sample",1,1,2.924544,NaN,"ms/op",TREE,100,500
"benchmark.Main.benchRJavaCaret:benchRJavaCaret·p0.99","sample",1,1,3.186688,NaN,"ms/op",TREE,100,500
"benchmark.Main.benchRJavaCaret:benchRJavaCaret·p0.999","sample",1,1,3.749511,NaN,"ms/op",TREE,100,500
"benchmark.Main.benchRJavaCaret:benchRJavaCaret·p0.9999","sample",1,1,5.349992,NaN,"ms/op",TREE,100,500
"benchmark.Main.benchRJavaCaret:benchRJavaCaret·p1.00","sample",1,1,5.554176,NaN,"ms/op",TREE,100,500
"benchmark.Main.benchRJavaCaret","sample",1,11436,3.891208,0.338359,"ms/op",TREE,100,1000
"benchmark.Main.benchRJavaCaret:benchRJavaCaret·p0.00","sample",1,1,1.947648,NaN,"ms/op",TREE,100,1000
"benchmark.Main.benchRJavaCaret:benchRJavaCaret·p0.50","sample",1,1,2.097152,NaN,"ms/op",TREE,100,1000
"benchmark.Main.benchRJavaCaret:benchRJavaCaret·p0.90","sample",1,1,3.391488,NaN,"ms/op",TREE,100,1000
"benchmark.Main.benchRJavaCaret:benchRJavaCaret·p0.95","sample",1,1,3.571712,NaN,"ms/op",TREE,100,1000
"benchmark.Main.benchRJavaCaret:benchRJavaCaret·p0.99","sample",1,1,85.196800,NaN,"ms/op",TREE,100,1000
"benchmark.Main.benchRJavaCaret:benchRJavaCaret·p0.999","sample",1,1,89.202754,NaN,"ms/op",TREE,100,1000
"benchmark.Main.benchRJavaCaret:benchRJavaCaret·p0.9999","sample",1,1,94.989530,NaN,"ms/op",TREE,100,1000
"benchmark.Main.benchRJavaCaret:benchRJavaCaret·p1.00","sample",1,1,95.027200,NaN,"ms/op",TREE,100,1000
"benchmark.Main.benchRJavaCaret","sample",1,11716,4.699211,0.016854,"ms/op",TREE,500,100
"benchmark.Main.benchRJavaCaret:benchRJavaCaret·p0.00","sample",1,1,4.325376,NaN,"ms/op",TREE,500,100
"benchmark.Main.benchRJavaCaret:benchRJavaCaret·p0.50","sample",1,1,4.562944,NaN,"ms/op",TREE,500,100
"benchmark.Main.benchRJavaCaret:benchRJavaCaret·p0.90","sample",1,1,4.866048,NaN,"ms/op",TREE,500,100
"benchmark.Main.benchRJavaCaret:benchRJavaCaret·p0.95","sample",1,1,5.259264,NaN,"ms/op",TREE,500,100
"benchmark.Main.benchRJavaCaret:benchRJavaCaret·p0.99","sample",1,1,7.707279,NaN,"ms/op",TREE,500,100
"benchmark.Main.benchRJavaCaret:benchRJavaCaret·p0.999","sample",1,1,8.536064,NaN,"ms/op",TREE,500,100
"benchmark.Main.benchRJavaCaret:benchRJavaCaret·p0.9999","sample",1,1,11.532357,NaN,"ms/op",TREE,500,100
"benchmark.Main.benchRJavaCaret:benchRJavaCaret·p1.00","sample",1,1,11.599872,NaN,"ms/op",TREE,500,100
"benchmark.Main.benchRJavaCaret","sample",1,6053,6.291782,0.285444,"ms/op",TREE,500,500
"benchmark.Main.benchRJavaCaret:benchRJavaCaret·p0.00","sample",1,1,5.136384,NaN,"ms/op",TREE,500,500
"benchmark.Main.benchRJavaCaret:benchRJavaCaret·p0.50","sample",1,1,5.455872,NaN,"ms/op",TREE,500,500
"benchmark.Main.benchRJavaCaret:benchRJavaCaret·p0.90","sample",1,1,7.200768,NaN,"ms/op",TREE,500,500
"benchmark.Main.benchRJavaCaret:benchRJavaCaret·p0.95","sample",1,1,7.438336,NaN,"ms/op",TREE,500,500
"benchmark.Main.benchRJavaCaret:benchRJavaCaret·p0.99","sample",1,1,9.411953,NaN,"ms/op",TREE,500,500
"benchmark.Main.benchRJavaCaret:benchRJavaCaret·p0.999","sample",1,1,91.481178,NaN,"ms/op",TREE,500,500
"benchmark.Main.benchRJavaCaret:benchRJavaCaret·p0.9999","sample",1,1,101.711872,NaN,"ms/op",TREE,500,500
"benchmark.Main.benchRJavaCaret:benchRJavaCaret·p1.00","sample",1,1,101.711872,NaN,"ms/op",TREE,500,500
"benchmark.Main.benchRJavaCaret","sample",1,3106,15.975210,1.513184,"ms/op",TREE,500,1000
"benchmark.Main.benchRJavaCaret:benchRJavaCaret·p0.00","sample",1,1,6.070272,NaN,"ms/op",TREE,500,1000
"benchmark.Main.benchRJavaCaret:benchRJavaCaret·p0.50","sample",1,1,7.512064,NaN,"ms/op",TREE,500,1000
"benchmark.Main.benchRJavaCaret:benchRJavaCaret·p0.90","sample",1,1,88.997888,NaN,"ms/op",TREE,500,1000
"benchmark.Main.benchRJavaCaret:benchRJavaCaret·p0.95","sample",1,1,90.177536,NaN,"ms/op",TREE,500,1000
"benchmark.Main.benchRJavaCaret:benchRJavaCaret·p0.99","sample",1,1,91.357184,NaN,"ms/op",TREE,500,1000
"benchmark.Main.benchRJavaCaret:benchRJavaCaret·p0.999","sample",1,1,94.081647,NaN,"ms/op",TREE,500,1000
"benchmark.Main.benchRJavaCaret:benchRJavaCaret·p0.9999","sample",1,1,96.075776,NaN,"ms/op",TREE,500,1000
"benchmark.Main.benchRJavaCaret:benchRJavaCaret·p1.00","sample",1,1,96.075776,NaN,"ms/op",TREE,500,1000
"benchmark.Main.benchRJavaCaret","sample",1,6132,9.645361,0.053551,"ms/op",TREE,1000,100
"benchmark.Main.benchRJavaCaret:benchRJavaCaret·p0.00","sample",1,1,8.617984,NaN,"ms/op",TREE,1000,100
"benchmark.Main.benchRJavaCaret:benchRJavaCaret·p0.50","sample",1,1,9.175040,NaN,"ms/op",TREE,1000,100
"benchmark.Main.benchRJavaCaret:benchRJavaCaret·p0.90","sample",1,1,11.993088,NaN,"ms/op",TREE,1000,100
"benchmark.Main.benchRJavaCaret:benchRJavaCaret·p0.95","sample",1,1,12.451840,NaN,"ms/op",TREE,1000,100
"benchmark.Main.benchRJavaCaret:benchRJavaCaret·p0.99","sample",1,1,14.352384,NaN,"ms/op",TREE,1000,100
"benchmark.Main.benchRJavaCaret:benchRJavaCaret·p0.999","sample",1,1,17.963483,NaN,"ms/op",TREE,1000,100
"benchmark.Main.benchRJavaCaret:benchRJavaCaret·p0.9999","sample",1,1,20.611072,NaN,"ms/op",TREE,1000,100
"benchmark.Main.benchRJavaCaret:benchRJavaCaret·p1.00","sample",1,1,20.611072,NaN,"ms/op",TREE,1000,100
"benchmark.Main.benchRJavaCaret","sample",1,3313,12.686315,0.659693,"ms/op",TREE,1000,500
"benchmark.Main.benchRJavaCaret:benchRJavaCaret·p0.00","sample",1,1,9.879552,NaN,"ms/op",TREE,1000,500
"benchmark.Main.benchRJavaCaret:benchRJavaCaret·p0.50","sample",1,1,10.502144,NaN,"ms/op",TREE,1000,500
"benchmark.Main.benchRJavaCaret:benchRJavaCaret·p0.90","sample",1,1,12.812288,NaN,"ms/op",TREE,1000,500
"benchmark.Main.benchRJavaCaret:benchRJavaCaret·p0.95","sample",1,1,13.844480,NaN,"ms/op",TREE,1000,500
"benchmark.Main.benchRJavaCaret:benchRJavaCaret·p0.99","sample",1,1,95.551488,NaN,"ms/op",TREE,1000,500
"benchmark.Main.benchRJavaCaret:benchRJavaCaret·p0.999","sample",1,1,103.520928,NaN,"ms/op",TREE,1000,500
"benchmark.Main.benchRJavaCaret:benchRJavaCaret·p0.9999","sample",1,1,113.508352,NaN,"ms/op",TREE,1000,500
"benchmark.Main.benchRJavaCaret:benchRJavaCaret·p1.00","sample",1,1,113.508352,NaN,"ms/op",TREE,1000,500
"benchmark.Main.benchRJavaCaret","sample",1,2088,19.410701,1.650504,"ms/op",TREE,1000,1000
"benchmark.Main.benchRJavaCaret:benchRJavaCaret·p0.00","sample",1,1,11.026432,NaN,"ms/op",TREE,1000,1000
"benchmark.Main.benchRJavaCaret:benchRJavaCaret·p0.50","sample",1,1,12.075008,NaN,"ms/op",TREE,1000,1000
"benchmark.Main.benchRJavaCaret:benchRJavaCaret·p0.90","sample",1,1,16.728064,NaN,"ms/op",TREE,1000,1000
"benchmark.Main.benchRJavaCaret:benchRJavaCaret·p0.95","sample",1,1,95.813632,NaN,"ms/op",TREE,1000,1000
"benchmark.Main.benchRJavaCaret:benchRJavaCaret·p0.99","sample",1,1,97.517568,NaN,"ms/op",TREE,1000,1000
"benchmark.Main.benchRJavaCaret:benchRJavaCaret·p0.999","sample",1,1,106.013917,NaN,"ms/op",TREE,1000,1000
"benchmark.Main.benchRJavaCaret:benchRJavaCaret·p0.9999","sample",1,1,112.984064,NaN,"ms/op",TREE,1000,1000
"benchmark.Main.benchRJavaCaret:benchRJavaCaret·p1.00","sample",1,1,112.984064,NaN,"ms/op",TREE,1000,1000
"benchmark.Main.benchXGBoost4J","sample",1,61884,0.144140,0.007379,"ms/op",LINEAR,100,100
"benchmark.Main.benchXGBoost4J:benchXGBoost4J·p0.00","sample",1,1,0.071296,NaN,"ms/op",LINEAR,100,100
"benchmark.Main.benchXGBoost4J:benchXGBoost4J·p0.50","sample",1,1,0.086784,NaN,"ms/op",LINEAR,100,100
"benchmark.Main.benchXGBoost4J:benchXGBoost4J·p0.90","sample",1,1,0.093440,NaN,"ms/op",LINEAR,100,100
"benchmark.Main.benchXGBoost4J:benchXGBoost4J·p0.95","sample",1,1,0.107744,NaN,"ms/op",LINEAR,100,100
"benchmark.Main.benchXGBoost4J:benchXGBoost4J·p0.99","sample",1,1,1.631846,NaN,"ms/op",LINEAR,100,100
"benchmark.Main.benchXGBoost4J:benchXGBoost4J·p0.999","sample",1,1,7.791534,NaN,"ms/op",LINEAR,100,100
"benchmark.Main.benchXGBoost4J:benchXGBoost4J·p0.9999","sample",1,1,9.867198,NaN,"ms/op",LINEAR,100,100
"benchmark.Main.benchXGBoost4J:benchXGBoost4J·p1.00","sample",1,1,12.156928,NaN,"ms/op",LINEAR,100,100
"benchmark.Main.benchXGBoost4J","sample",1,30630,0.365845,0.011194,"ms/op",LINEAR,100,500
"benchmark.Main.benchXGBoost4J:benchXGBoost4J·p0.00","sample",1,1,0.276480,NaN,"ms/op",LINEAR,100,500
"benchmark.Main.benchXGBoost4J:benchXGBoost4J·p0.50","sample",1,1,0.290304,NaN,"ms/op",LINEAR,100,500
"benchmark.Main.benchXGBoost4J:benchXGBoost4J·p0.90","sample",1,1,0.320000,NaN,"ms/op",LINEAR,100,500
"benchmark.Main.benchXGBoost4J:benchXGBoost4J·p0.95","sample",1,1,0.347648,NaN,"ms/op",LINEAR,100,500
"benchmark.Main.benchXGBoost4J:benchXGBoost4J·p0.99","sample",1,1,2.396160,NaN,"ms/op",LINEAR,100,500
"benchmark.Main.benchXGBoost4J:benchXGBoost4J·p0.999","sample",1,1,8.132510,NaN,"ms/op",LINEAR,100,500
"benchmark.Main.benchXGBoost4J:benchXGBoost4J·p0.9999","sample",1,1,10.350395,NaN,"ms/op",LINEAR,100,500
"benchmark.Main.benchXGBoost4J:benchXGBoost4J·p1.00","sample",1,1,14.893056,NaN,"ms/op",LINEAR,100,500
"benchmark.Main.benchXGBoost4J","sample",1,18841,0.660442,0.025334,"ms/op",LINEAR,100,1000
"benchmark.Main.benchXGBoost4J:benchXGBoost4J·p0.00","sample",1,1,0.543744,NaN,"ms/op",LINEAR,100,1000
"benchmark.Main.benchXGBoost4J:benchXGBoost4J·p0.50","sample",1,1,0.572416,NaN,"ms/op",LINEAR,100,1000
"benchmark.Main.benchXGBoost4J:benchXGBoost4J·p0.90","sample",1,1,0.618496,NaN,"ms/op",LINEAR,100,1000
"benchmark.Main.benchXGBoost4J:benchXGBoost4J·p0.95","sample",1,1,0.693248,NaN,"ms/op",LINEAR,100,1000
"benchmark.Main.benchXGBoost4J:benchXGBoost4J·p0.99","sample",1,1,3.397550,NaN,"ms/op",LINEAR,100,1000
"benchmark.Main.benchXGBoost4J:benchXGBoost4J·p0.999","sample",1,1,8.342045,NaN,"ms/op",LINEAR,100,1000
"benchmark.Main.benchXGBoost4J:benchXGBoost4J·p0.9999","sample",1,1,70.007626,NaN,"ms/op",LINEAR,100,1000
"benchmark.Main.benchXGBoost4J:benchXGBoost4J·p1.00","sample",1,1,70.123520,NaN,"ms/op",LINEAR,100,1000
"benchmark.Main.benchXGBoost4J","sample",1,22029,0.374878,0.017373,"ms/op",LINEAR,500,100
"benchmark.Main.benchXGBoost4J:benchXGBoost4J·p0.00","sample",1,1,0.255744,NaN,"ms/op",LINEAR,500,100
"benchmark.Main.benchXGBoost4J:benchXGBoost4J·p0.50","sample",1,1,0.269312,NaN,"ms/op",LINEAR,500,100
"benchmark.Main.benchXGBoost4J:benchXGBoost4J·p0.90","sample",1,1,0.299008,NaN,"ms/op",LINEAR,500,100
"benchmark.Main.benchXGBoost4J:benchXGBoost4J·p0.95","sample",1,1,0.364544,NaN,"ms/op",LINEAR,500,100
"benchmark.Main.benchXGBoost4J:benchXGBoost4J·p0.99","sample",1,1,6.043238,NaN,"ms/op",LINEAR,500,100
"benchmark.Main.benchXGBoost4J:benchXGBoost4J·p0.999","sample",1,1,8.354857,NaN,"ms/op",LINEAR,500,100
"benchmark.Main.benchXGBoost4J:benchXGBoost4J·p0.9999","sample",1,1,11.166499,NaN,"ms/op",LINEAR,500,100
"benchmark.Main.benchXGBoost4J:benchXGBoost4J·p1.00","sample",1,1,12.189696,NaN,"ms/op",LINEAR,500,100
"benchmark.Main.benchXGBoost4J","sample",1,9341,1.395545,0.038743,"ms/op",LINEAR,500,500
"benchmark.Main.benchXGBoost4J:benchXGBoost4J·p0.00","sample",1,1,1.210368,NaN,"ms/op",LINEAR,500,500
"benchmark.Main.benchXGBoost4J:benchXGBoost4J·p0.50","sample",1,1,1.267712,NaN,"ms/op",LINEAR,500,500
"benchmark.Main.benchXGBoost4J:benchXGBoost4J·p0.90","sample",1,1,1.341440,NaN,"ms/op",LINEAR,500,500
"benchmark.Main.benchXGBoost4J:benchXGBoost4J·p0.95","sample",1,1,1.402880,NaN,"ms/op",LINEAR,500,500
"benchmark.Main.benchXGBoost4J:benchXGBoost4J·p0.99","sample",1,1,7.340032,NaN,"ms/op",LINEAR,500,500
"benchmark.Main.benchXGBoost4J:benchXGBoost4J·p0.999","sample",1,1,11.270914,NaN,"ms/op",LINEAR,500,500
"benchmark.Main.benchXGBoost4J:benchXGBoost4J·p0.9999","sample",1,1,73.662464,NaN,"ms/op",LINEAR,500,500
"benchmark.Main.benchXGBoost4J:benchXGBoost4J·p1.00","sample",1,1,73.662464,NaN,"ms/op",LINEAR,500,500
"benchmark.Main.benchXGBoost4J","sample",1,3880,2.892021,0.056144,"ms/op",LINEAR,500,1000
"benchmark.Main.benchXGBoost4J:benchXGBoost4J·p0.00","sample",1,1,2.535424,NaN,"ms/op",LINEAR,500,1000
"benchmark.Main.benchXGBoost4J:benchXGBoost4J·p0.50","sample",1,1,2.670592,NaN,"ms/op",LINEAR,500,1000
"benchmark.Main.benchXGBoost4J:benchXGBoost4J·p0.90","sample",1,1,2.846720,NaN,"ms/op",LINEAR,500,1000
"benchmark.Main.benchXGBoost4J:benchXGBoost4J·p0.95","sample",1,1,3.182387,NaN,"ms/op",LINEAR,500,1000
"benchmark.Main.benchXGBoost4J:benchXGBoost4J·p0.99","sample",1,1,8.961229,NaN,"ms/op",LINEAR,500,1000
"benchmark.Main.benchXGBoost4J:benchXGBoost4J·p0.999","sample",1,1,10.892624,NaN,"ms/op",LINEAR,500,1000
"benchmark.Main.benchXGBoost4J:benchXGBoost4J·p0.9999","sample",1,1,11.763712,NaN,"ms/op",LINEAR,500,1000
"benchmark.Main.benchXGBoost4J:benchXGBoost4J·p1.00","sample",1,1,11.763712,NaN,"ms/op",LINEAR,500,1000
"benchmark.Main.benchXGBoost4J","sample",1,12883,0.663094,0.027598,"ms/op",LINEAR,1000,100
"benchmark.Main.benchXGBoost4J:benchXGBoost4J·p0.00","sample",1,1,0.493056,NaN,"ms/op",LINEAR,1000,100
"benchmark.Main.benchXGBoost4J:benchXGBoost4J·p0.50","sample",1,1,0.515584,NaN,"ms/op",LINEAR,1000,100
"benchmark.Main.benchXGBoost4J:benchXGBoost4J·p0.90","sample",1,1,0.556032,NaN,"ms/op",LINEAR,1000,100
"benchmark.Main.benchXGBoost4J:benchXGBoost4J·p0.95","sample",1,1,0.616448,NaN,"ms/op",LINEAR,1000,100
"benchmark.Main.benchXGBoost4J:benchXGBoost4J·p0.99","sample",1,1,6.688604,NaN,"ms/op",LINEAR,1000,100
"benchmark.Main.benchXGBoost4J:benchXGBoost4J·p0.999","sample",1,1,9.883353,NaN,"ms/op",LINEAR,1000,100
"benchmark.Main.benchXGBoost4J:benchXGBoost4J·p0.9999","sample",1,1,13.079570,NaN,"ms/op",LINEAR,1000,100
"benchmark.Main.benchXGBoost4J:benchXGBoost4J·p1.00","sample",1,1,13.533184,NaN,"ms/op",LINEAR,1000,100
"benchmark.Main.benchXGBoost4J","sample",1,5073,2.814092,0.053146,"ms/op",LINEAR,1000,500
"benchmark.Main.benchXGBoost4J:benchXGBoost4J·p0.00","sample",1,1,2.482176,NaN,"ms/op",LINEAR,1000,500
"benchmark.Main.benchXGBoost4J:benchXGBoost4J·p0.50","sample",1,1,2.613248,NaN,"ms/op",LINEAR,1000,500
"benchmark.Main.benchXGBoost4J:benchXGBoost4J·p0.90","sample",1,1,2.756608,NaN,"ms/op",LINEAR,1000,500
"benchmark.Main.benchXGBoost4J:benchXGBoost4J·p0.95","sample",1,1,2.883584,NaN,"ms/op",LINEAR,1000,500
"benchmark.Main.benchXGBoost4J:benchXGBoost4J·p0.99","sample",1,1,10.485760,NaN,"ms/op",LINEAR,1000,500
"benchmark.Main.benchXGBoost4J:benchXGBoost4J·p0.999","sample",1,1,13.058081,NaN,"ms/op",LINEAR,1000,500
"benchmark.Main.benchXGBoost4J:benchXGBoost4J·p0.9999","sample",1,1,15.138816,NaN,"ms/op",LINEAR,1000,500
"benchmark.Main.benchXGBoost4J:benchXGBoost4J·p1.00","sample",1,1,15.138816,NaN,"ms/op",LINEAR,1000,500
"benchmark.Main.benchXGBoost4J","sample",1,2532,5.067499,0.050715,"ms/op",LINEAR,1000,1000
"benchmark.Main.benchXGBoost4J:benchXGBoost4J·p0.00","sample",1,1,4.694016,NaN,"ms/op",LINEAR,1000,1000
"benchmark.Main.benchXGBoost4J:benchXGBoost4J·p0.50","sample",1,1,4.915200,NaN,"ms/op",LINEAR,1000,1000
"benchmark.Main.benchXGBoost4J:benchXGBoost4J·p0.90","sample",1,1,5.185536,NaN,"ms/op",LINEAR,1000,1000
"benchmark.Main.benchXGBoost4J:benchXGBoost4J·p0.95","sample",1,1,5.483315,NaN,"ms/op",LINEAR,1000,1000
"benchmark.Main.benchXGBoost4J:benchXGBoost4J·p0.99","sample",1,1,8.940257,NaN,"ms/op",LINEAR,1000,1000
"benchmark.Main.benchXGBoost4J:benchXGBoost4J·p0.999","sample",1,1,14.249918,NaN,"ms/op",LINEAR,1000,1000
"benchmark.Main.benchXGBoost4J:benchXGBoost4J·p0.9999","sample",1,1,15.482880,NaN,"ms/op",LINEAR,1000,1000
"benchmark.Main.benchXGBoost4J:benchXGBoost4J·p1.00","sample",1,1,15.482880,NaN,"ms/op",LINEAR,1000,1000
"benchmark.Main.benchXGBoost4J","sample",1,35879,1.255156,0.008208,"ms/op",TREE,100,100
"benchmark.Main.benchXGBoost4J:benchXGBoost4J·p0.00","sample",1,1,1.114112,NaN,"ms/op",TREE,100,100
"benchmark.Main.benchXGBoost4J:benchXGBoost4J·p0.50","sample",1,1,1.202176,NaN,"ms/op",TREE,100,100
"benchmark.Main.benchXGBoost4J:benchXGBoost4J·p0.90","sample",1,1,1.310720,NaN,"ms/op",TREE,100,100
"benchmark.Main.benchXGBoost4J:benchXGBoost4J·p0.95","sample",1,1,1.382400,NaN,"ms/op",TREE,100,100
"benchmark.Main.benchXGBoost4J:benchXGBoost4J·p0.99","sample",1,1,2.925363,NaN,"ms/op",TREE,100,100
"benchmark.Main.benchXGBoost4J:benchXGBoost4J·p0.999","sample",1,1,8.153006,NaN,"ms/op",TREE,100,100
"benchmark.Main.benchXGBoost4J:benchXGBoost4J·p0.9999","sample",1,1,10.681516,NaN,"ms/op",TREE,100,100
"benchmark.Main.benchXGBoost4J:benchXGBoost4J·p1.00","sample",1,1,13.074432,NaN,"ms/op",TREE,100,100
"benchmark.Main.benchXGBoost4J","sample",1,11066,5.728276,0.020881,"ms/op",TREE,100,500
"benchmark.Main.benchXGBoost4J:benchXGBoost4J·p0.00","sample",1,1,5.095424,NaN,"ms/op",TREE,100,500
"benchmark.Main.benchXGBoost4J:benchXGBoost4J·p0.50","sample",1,1,5.685248,NaN,"ms/op",TREE,100,500
"benchmark.Main.benchXGBoost4J:benchXGBoost4J·p0.90","sample",1,1,6.070272,NaN,"ms/op",TREE,100,500
"benchmark.Main.benchXGBoost4J:benchXGBoost4J·p0.95","sample",1,1,6.283264,NaN,"ms/op",TREE,100,500
"benchmark.Main.benchXGBoost4J:benchXGBoost4J·p0.99","sample",1,1,8.738079,NaN,"ms/op",TREE,100,500
"benchmark.Main.benchXGBoost4J:benchXGBoost4J·p0.999","sample",1,1,14.508540,NaN,"ms/op",TREE,100,500
"benchmark.Main.benchXGBoost4J:benchXGBoost4J·p0.9999","sample",1,1,18.284950,NaN,"ms/op",TREE,100,500
"benchmark.Main.benchXGBoost4J:benchXGBoost4J·p1.00","sample",1,1,18.382848,NaN,"ms/op",TREE,100,500
"benchmark.Main.benchXGBoost4J","sample",1,6185,11.267943,0.061174,"ms/op",TREE,100,1000
"benchmark.Main.benchXGBoost4J:benchXGBoost4J·p0.00","sample",1,1,10.010624,NaN,"ms/op",TREE,100,1000
"benchmark.Main.benchXGBoost4J:benchXGBoost4J·p0.50","sample",1,1,11.173888,NaN,"ms/op",TREE,100,1000
"benchmark.Main.benchXGBoost4J:benchXGBoost4J·p0.90","sample",1,1,11.829248,NaN,"ms/op",TREE,100,1000
"benchmark.Main.benchXGBoost4J:benchXGBoost4J·p0.95","sample",1,1,12.774605,NaN,"ms/op",TREE,100,1000
"benchmark.Main.benchXGBoost4J:benchXGBoost4J·p0.99","sample",1,1,18.780652,NaN,"ms/op",TREE,100,1000
"benchmark.Main.benchXGBoost4J:benchXGBoost4J·p0.999","sample",1,1,26.503217,NaN,"ms/op",TREE,100,1000
"benchmark.Main.benchXGBoost4J:benchXGBoost4J·p0.9999","sample",1,1,31.490048,NaN,"ms/op",TREE,100,1000
"benchmark.Main.benchXGBoost4J:benchXGBoost4J·p1.00","sample",1,1,31.490048,NaN,"ms/op",TREE,100,1000
"benchmark.Main.benchXGBoost4J","sample",1,17297,1.508849,0.019587,"ms/op",TREE,500,100
"benchmark.Main.benchXGBoost4J:benchXGBoost4J·p0.00","sample",1,1,1.331200,NaN,"ms/op",TREE,500,100
"benchmark.Main.benchXGBoost4J:benchXGBoost4J·p0.50","sample",1,1,1.388544,NaN,"ms/op",TREE,500,100
"benchmark.Main.benchXGBoost4J:benchXGBoost4J·p0.90","sample",1,1,1.507328,NaN,"ms/op",TREE,500,100
"benchmark.Main.benchXGBoost4J:benchXGBoost4J·p0.95","sample",1,1,1.609728,NaN,"ms/op",TREE,500,100
"benchmark.Main.benchXGBoost4J:benchXGBoost4J·p0.99","sample",1,1,5.383127,NaN,"ms/op",TREE,500,100
"benchmark.Main.benchXGBoost4J:benchXGBoost4J·p0.999","sample",1,1,10.289152,NaN,"ms/op",TREE,500,100
"benchmark.Main.benchXGBoost4J:benchXGBoost4J·p0.9999","sample",1,1,14.631154,NaN,"ms/op",TREE,500,100
"benchmark.Main.benchXGBoost4J:benchXGBoost4J·p1.00","sample",1,1,16.711680,NaN,"ms/op",TREE,500,100
"benchmark.Main.benchXGBoost4J","sample",1,5938,6.619617,0.041006,"ms/op",TREE,500,500
"benchmark.Main.benchXGBoost4J:benchXGBoost4J·p0.00","sample",1,1,6.217728,NaN,"ms/op",TREE,500,500
"benchmark.Main.benchXGBoost4J:benchXGBoost4J·p0.50","sample",1,1,6.430720,NaN,"ms/op",TREE,500,500
"benchmark.Main.benchXGBoost4J:benchXGBoost4J·p0.90","sample",1,1,6.807552,NaN,"ms/op",TREE,500,500
"benchmark.Main.benchXGBoost4J:benchXGBoost4J·p0.95","sample",1,1,7.045120,NaN,"ms/op",TREE,500,500
"benchmark.Main.benchXGBoost4J:benchXGBoost4J·p0.99","sample",1,1,11.542364,NaN,"ms/op",TREE,500,500
"benchmark.Main.benchXGBoost4J:benchXGBoost4J·p0.999","sample",1,1,18.849595,NaN,"ms/op",TREE,500,500
"benchmark.Main.benchXGBoost4J:benchXGBoost4J·p0.9999","sample",1,1,19.890176,NaN,"ms/op",TREE,500,500
"benchmark.Main.benchXGBoost4J:benchXGBoost4J·p1.00","sample",1,1,19.890176,NaN,"ms/op",TREE,500,500
"benchmark.Main.benchXGBoost4J","sample",1,2698,12.899333,0.069900,"ms/op",TREE,500,1000
"benchmark.Main.benchXGBoost4J:benchXGBoost4J·p0.00","sample",1,1,12.189696,NaN,"ms/op",TREE,500,1000
"benchmark.Main.benchXGBoost4J:benchXGBoost4J·p0.50","sample",1,1,12.648448,NaN,"ms/op",TREE,500,1000
"benchmark.Main.benchXGBoost4J:benchXGBoost4J·p0.90","sample",1,1,13.303808,NaN,"ms/op",TREE,500,1000
"benchmark.Main.benchXGBoost4J:benchXGBoost4J·p0.95","sample",1,1,14.172979,NaN,"ms/op",TREE,500,1000
"benchmark.Main.benchXGBoost4J:benchXGBoost4J·p0.99","sample",1,1,17.891983,NaN,"ms/op",TREE,500,1000
"benchmark.Main.benchXGBoost4J:benchXGBoost4J·p0.999","sample",1,1,26.803667,NaN,"ms/op",TREE,500,1000
"benchmark.Main.benchXGBoost4J:benchXGBoost4J·p0.9999","sample",1,1,29.327360,NaN,"ms/op",TREE,500,1000
"benchmark.Main.benchXGBoost4J:benchXGBoost4J·p1.00","sample",1,1,29.327360,NaN,"ms/op",TREE,500,1000
"benchmark.Main.benchXGBoost4J","sample",1,11129,1.907925,0.030185,"ms/op",TREE,1000,100
"benchmark.Main.benchXGBoost4J:benchXGBoost4J·p0.00","sample",1,1,1.667072,NaN,"ms/op",TREE,1000,100
"benchmark.Main.benchXGBoost4J:benchXGBoost4J·p0.50","sample",1,1,1.751040,NaN,"ms/op",TREE,1000,100
"benchmark.Main.benchXGBoost4J:benchXGBoost4J·p0.90","sample",1,1,1.898496,NaN,"ms/op",TREE,1000,100
"benchmark.Main.benchXGBoost4J:benchXGBoost4J·p0.95","sample",1,1,2.029568,NaN,"ms/op",TREE,1000,100
"benchmark.Main.benchXGBoost4J:benchXGBoost4J·p0.99","sample",1,1,8.585216,NaN,"ms/op",TREE,1000,100
"benchmark.Main.benchXGBoost4J:benchXGBoost4J·p0.999","sample",1,1,10.917478,NaN,"ms/op",TREE,1000,100
"benchmark.Main.benchXGBoost4J:benchXGBoost4J·p0.9999","sample",1,1,15.581544,NaN,"ms/op",TREE,1000,100
"benchmark.Main.benchXGBoost4J:benchXGBoost4J·p1.00","sample",1,1,15.777792,NaN,"ms/op",TREE,1000,100
"benchmark.Main.benchXGBoost4J","sample",1,3742,8.436573,0.097059,"ms/op",TREE,1000,500
"benchmark.Main.benchXGBoost4J:benchXGBoost4J·p0.00","sample",1,1,7.733248,NaN,"ms/op",TREE,1000,500
"benchmark.Main.benchXGBoost4J:benchXGBoost4J·p0.50","sample",1,1,8.019968,NaN,"ms/op",TREE,1000,500
"benchmark.Main.benchXGBoost4J:benchXGBoost4J·p0.90","sample",1,1,8.437760,NaN,"ms/op",TREE,1000,500
"benchmark.Main.benchXGBoost4J:benchXGBoost4J·p0.95","sample",1,1,10.106470,NaN,"ms/op",TREE,1000,500
"benchmark.Main.benchXGBoost4J:benchXGBoost4J·p0.99","sample",1,1,18.401526,NaN,"ms/op",TREE,1000,500
"benchmark.Main.benchXGBoost4J:benchXGBoost4J·p0.999","sample",1,1,23.072342,NaN,"ms/op",TREE,1000,500
"benchmark.Main.benchXGBoost4J:benchXGBoost4J·p0.9999","sample",1,1,30.048256,NaN,"ms/op",TREE,1000,500
"benchmark.Main.benchXGBoost4J:benchXGBoost4J·p1.00","sample",1,1,30.048256,NaN,"ms/op",TREE,1000,500
"benchmark.Main.benchXGBoost4J","sample",1,2011,15.661499,0.130254,"ms/op",TREE,1000,1000
"benchmark.Main.benchXGBoost4J:benchXGBoost4J·p0.00","sample",1,1,14.827520,NaN,"ms/op",TREE,1000,1000
"benchmark.Main.benchXGBoost4J:benchXGBoost4J·p0.50","sample",1,1,15.335424,NaN,"ms/op",TREE,1000,1000
"benchmark.Main.benchXGBoost4J:benchXGBoost4J·p0.90","sample",1,1,16.003891,NaN,"ms/op",TREE,1000,1000
"benchmark.Main.benchXGBoost4J:benchXGBoost4J·p0.95","sample",1,1,17.458790,NaN,"ms/op",TREE,1000,1000
"benchmark.Main.benchXGBoost4J:benchXGBoost4J·p0.99","sample",1,1,23.287562,NaN,"ms/op",TREE,1000,1000
"benchmark.Main.benchXGBoost4J:benchXGBoost4J·p0.999","sample",1,1,29.097198,NaN,"ms/op",TREE,1000,1000
"benchmark.Main.benchXGBoost4J:benchXGBoost4J·p0.9999","sample",1,1,68.681728,NaN,"ms/op",TREE,1000,1000
"benchmark.Main.benchXGBoost4J:benchXGBoost4J·p1.00","sample",1,1,68.681728,NaN,"ms/op",TREE,1000,1000
"benchmark.Main.benchXGBoostPredictor","sample",1,99882,0.010044,0.000014,"ms/op",LINEAR,100,100
"benchmark.Main.benchXGBoostPredictor:benchXGBoostPredictor·p0.00","sample",1,1,0.009088,NaN,"ms/op",LINEAR,100,100
"benchmark.Main.benchXGBoostPredictor:benchXGBoostPredictor·p0.50","sample",1,1,0.009728,NaN,"ms/op",LINEAR,100,100
"benchmark.Main.benchXGBoostPredictor:benchXGBoostPredictor·p0.90","sample",1,1,0.010720,NaN,"ms/op",LINEAR,100,100
"benchmark.Main.benchXGBoostPredictor:benchXGBoostPredictor·p0.95","sample",1,1,0.011632,NaN,"ms/op",LINEAR,100,100
"benchmark.Main.benchXGBoostPredictor:benchXGBoostPredictor·p0.99","sample",1,1,0.017125,NaN,"ms/op",LINEAR,100,100
"benchmark.Main.benchXGBoostPredictor:benchXGBoostPredictor·p0.999","sample",1,1,0.023136,NaN,"ms/op",LINEAR,100,100
"benchmark.Main.benchXGBoostPredictor:benchXGBoostPredictor·p0.9999","sample",1,1,0.033857,NaN,"ms/op",LINEAR,100,100
"benchmark.Main.benchXGBoostPredictor:benchXGBoostPredictor·p1.00","sample",1,1,0.045056,NaN,"ms/op",LINEAR,100,100
"benchmark.Main.benchXGBoostPredictor","sample",1,42928,0.055988,0.014097,"ms/op",LINEAR,100,500
"benchmark.Main.benchXGBoostPredictor:benchXGBoostPredictor·p0.00","sample",1,1,0.042752,NaN,"ms/op",LINEAR,100,500
"benchmark.Main.benchXGBoostPredictor:benchXGBoostPredictor·p0.50","sample",1,1,0.045312,NaN,"ms/op",LINEAR,100,500
"benchmark.Main.benchXGBoostPredictor:benchXGBoostPredictor·p0.90","sample",1,1,0.050240,NaN,"ms/op",LINEAR,100,500
"benchmark.Main.benchXGBoostPredictor:benchXGBoostPredictor·p0.95","sample",1,1,0.055936,NaN,"ms/op",LINEAR,100,500
"benchmark.Main.benchXGBoostPredictor:benchXGBoostPredictor·p0.99","sample",1,1,0.065005,NaN,"ms/op",LINEAR,100,500
"benchmark.Main.benchXGBoostPredictor:benchXGBoostPredictor·p0.999","sample",1,1,0.082953,NaN,"ms/op",LINEAR,100,500
"benchmark.Main.benchXGBoostPredictor:benchXGBoostPredictor·p0.9999","sample",1,1,81.264640,NaN,"ms/op",LINEAR,100,500
"benchmark.Main.benchXGBoostPredictor:benchXGBoostPredictor·p1.00","sample",1,1,83.623936,NaN,"ms/op",LINEAR,100,500
"benchmark.Main.benchXGBoostPredictor","sample",1,22819,0.094706,0.010007,"ms/op",LINEAR,100,1000
"benchmark.Main.benchXGBoostPredictor:benchXGBoostPredictor·p0.00","sample",1,1,0.085376,NaN,"ms/op",LINEAR,100,1000
"benchmark.Main.benchXGBoostPredictor:benchXGBoostPredictor·p0.50","sample",1,1,0.089984,NaN,"ms/op",LINEAR,100,1000
"benchmark.Main.benchXGBoostPredictor:benchXGBoostPredictor·p0.90","sample",1,1,0.099712,NaN,"ms/op",LINEAR,100,1000
"benchmark.Main.benchXGBoostPredictor:benchXGBoostPredictor·p0.95","sample",1,1,0.105984,NaN,"ms/op",LINEAR,100,1000
"benchmark.Main.benchXGBoostPredictor:benchXGBoostPredictor·p0.99","sample",1,1,0.124928,NaN,"ms/op",LINEAR,100,1000
"benchmark.Main.benchXGBoostPredictor:benchXGBoostPredictor·p0.999","sample",1,1,0.148618,NaN,"ms/op",LINEAR,100,1000
"benchmark.Main.benchXGBoostPredictor:benchXGBoostPredictor·p0.9999","sample",1,1,0.254427,NaN,"ms/op",LINEAR,100,1000
"benchmark.Main.benchXGBoostPredictor:benchXGBoostPredictor·p1.00","sample",1,1,69.468160,NaN,"ms/op",LINEAR,100,1000
"benchmark.Main.benchXGBoostPredictor","sample",1,27657,0.011604,0.000032,"ms/op",LINEAR,500,100
"benchmark.Main.benchXGBoostPredictor:benchXGBoostPredictor·p0.00","sample",1,1,0.009952,NaN,"ms/op",LINEAR,500,100
"benchmark.Main.benchXGBoostPredictor:benchXGBoostPredictor·p0.50","sample",1,1,0.011248,NaN,"ms/op",LINEAR,500,100
"benchmark.Main.benchXGBoostPredictor:benchXGBoostPredictor·p0.90","sample",1,1,0.012320,NaN,"ms/op",LINEAR,500,100
"benchmark.Main.benchXGBoostPredictor:benchXGBoostPredictor·p0.95","sample",1,1,0.013264,NaN,"ms/op",LINEAR,500,100
"benchmark.Main.benchXGBoostPredictor:benchXGBoostPredictor·p0.99","sample",1,1,0.020608,NaN,"ms/op",LINEAR,500,100
"benchmark.Main.benchXGBoostPredictor:benchXGBoostPredictor·p0.999","sample",1,1,0.031390,NaN,"ms/op",LINEAR,500,100
"benchmark.Main.benchXGBoostPredictor:benchXGBoostPredictor·p0.9999","sample",1,1,0.042789,NaN,"ms/op",LINEAR,500,100
"benchmark.Main.benchXGBoostPredictor:benchXGBoostPredictor·p1.00","sample",1,1,0.044288,NaN,"ms/op",LINEAR,500,100
"benchmark.Main.benchXGBoostPredictor","sample",1,11020,0.054459,0.020969,"ms/op",LINEAR,500,500
"benchmark.Main.benchXGBoostPredictor:benchXGBoostPredictor·p0.00","sample",1,1,0.045760,NaN,"ms/op",LINEAR,500,500
"benchmark.Main.benchXGBoostPredictor:benchXGBoostPredictor·p0.50","sample",1,1,0.046784,NaN,"ms/op",LINEAR,500,500
"benchmark.Main.benchXGBoostPredictor:benchXGBoostPredictor·p0.90","sample",1,1,0.051264,NaN,"ms/op",LINEAR,500,500
"benchmark.Main.benchXGBoostPredictor:benchXGBoostPredictor·p0.95","sample",1,1,0.057408,NaN,"ms/op",LINEAR,500,500
"benchmark.Main.benchXGBoostPredictor:benchXGBoostPredictor·p0.99","sample",1,1,0.065536,NaN,"ms/op",LINEAR,500,500
"benchmark.Main.benchXGBoostPredictor:benchXGBoostPredictor·p0.999","sample",1,1,0.084968,NaN,"ms/op",LINEAR,500,500
"benchmark.Main.benchXGBoostPredictor:benchXGBoostPredictor·p0.9999","sample",1,1,63.091740,NaN,"ms/op",LINEAR,500,500
"benchmark.Main.benchXGBoostPredictor:benchXGBoostPredictor·p1.00","sample",1,1,70.254592,NaN,"ms/op",LINEAR,500,500
"benchmark.Main.benchXGBoostPredictor","sample",1,4482,0.106078,0.041627,"ms/op",LINEAR,500,1000
"benchmark.Main.benchXGBoostPredictor:benchXGBoostPredictor·p0.00","sample",1,1,0.089600,NaN,"ms/op",LINEAR,500,1000
"benchmark.Main.benchXGBoostPredictor:benchXGBoostPredictor·p0.50","sample",1,1,0.090752,NaN,"ms/op",LINEAR,500,1000
"benchmark.Main.benchXGBoostPredictor:benchXGBoostPredictor·p0.90","sample",1,1,0.100608,NaN,"ms/op",LINEAR,500,1000
"benchmark.Main.benchXGBoostPredictor:benchXGBoostPredictor·p0.95","sample",1,1,0.107501,NaN,"ms/op",LINEAR,500,1000
"benchmark.Main.benchXGBoostPredictor:benchXGBoostPredictor·p0.99","sample",1,1,0.127872,NaN,"ms/op",LINEAR,500,1000
"benchmark.Main.benchXGBoostPredictor:benchXGBoostPredictor·p0.999","sample",1,1,0.155145,NaN,"ms/op",LINEAR,500,1000
"benchmark.Main.benchXGBoostPredictor:benchXGBoostPredictor·p0.9999","sample",1,1,56.754176,NaN,"ms/op",LINEAR,500,1000
"benchmark.Main.benchXGBoostPredictor:benchXGBoostPredictor·p1.00","sample",1,1,56.754176,NaN,"ms/op",LINEAR,500,1000
"benchmark.Main.benchXGBoostPredictor","sample",1,15039,0.012622,0.000043,"ms/op",LINEAR,1000,100
"benchmark.Main.benchXGBoostPredictor:benchXGBoostPredictor·p0.00","sample",1,1,0.011280,NaN,"ms/op",LINEAR,1000,100
"benchmark.Main.benchXGBoostPredictor:benchXGBoostPredictor·p0.50","sample",1,1,0.012272,NaN,"ms/op",LINEAR,1000,100
"benchmark.Main.benchXGBoostPredictor:benchXGBoostPredictor·p0.90","sample",1,1,0.013344,NaN,"ms/op",LINEAR,1000,100
"benchmark.Main.benchXGBoostPredictor:benchXGBoostPredictor·p0.95","sample",1,1,0.014544,NaN,"ms/op",LINEAR,1000,100
"benchmark.Main.benchXGBoostPredictor:benchXGBoostPredictor·p0.99","sample",1,1,0.021664,NaN,"ms/op",LINEAR,1000,100
"benchmark.Main.benchXGBoostPredictor:benchXGBoostPredictor·p0.999","sample",1,1,0.031735,NaN,"ms/op",LINEAR,1000,100
"benchmark.Main.benchXGBoostPredictor:benchXGBoostPredictor·p0.9999","sample",1,1,0.041628,NaN,"ms/op",LINEAR,1000,100
"benchmark.Main.benchXGBoostPredictor:benchXGBoostPredictor·p1.00","sample",1,1,0.042176,NaN,"ms/op",LINEAR,1000,100
"benchmark.Main.benchXGBoostPredictor","sample",1,6049,0.048283,0.000191,"ms/op",LINEAR,1000,500
"benchmark.Main.benchXGBoostPredictor:benchXGBoostPredictor·p0.00","sample",1,1,0.044352,NaN,"ms/op",LINEAR,1000,500
"benchmark.Main.benchXGBoostPredictor:benchXGBoostPredictor·p0.50","sample",1,1,0.046912,NaN,"ms/op",LINEAR,1000,500
"benchmark.Main.benchXGBoostPredictor:benchXGBoostPredictor·p0.90","sample",1,1,0.051392,NaN,"ms/op",LINEAR,1000,500
"benchmark.Main.benchXGBoostPredictor:benchXGBoostPredictor·p0.95","sample",1,1,0.058784,NaN,"ms/op",LINEAR,1000,500
"benchmark.Main.benchXGBoostPredictor:benchXGBoostPredictor·p0.99","sample",1,1,0.066176,NaN,"ms/op",LINEAR,1000,500
"benchmark.Main.benchXGBoostPredictor:benchXGBoostPredictor·p0.999","sample",1,1,0.083059,NaN,"ms/op",LINEAR,1000,500
"benchmark.Main.benchXGBoostPredictor:benchXGBoostPredictor·p0.9999","sample",1,1,0.091392,NaN,"ms/op",LINEAR,1000,500
"benchmark.Main.benchXGBoostPredictor:benchXGBoostPredictor·p1.00","sample",1,1,0.091392,NaN,"ms/op",LINEAR,1000,500
"benchmark.Main.benchXGBoostPredictor","sample",1,2916,0.092890,0.000524,"ms/op",LINEAR,1000,1000
"benchmark.Main.benchXGBoostPredictor:benchXGBoostPredictor·p0.00","sample",1,1,0.086400,NaN,"ms/op",LINEAR,1000,1000
"benchmark.Main.benchXGBoostPredictor:benchXGBoostPredictor·p0.50","sample",1,1,0.090624,NaN,"ms/op",LINEAR,1000,1000
"benchmark.Main.benchXGBoostPredictor:benchXGBoostPredictor·p0.90","sample",1,1,0.101542,NaN,"ms/op",LINEAR,1000,1000
"benchmark.Main.benchXGBoostPredictor:benchXGBoostPredictor·p0.95","sample",1,1,0.113939,NaN,"ms/op",LINEAR,1000,1000
"benchmark.Main.benchXGBoostPredictor:benchXGBoostPredictor·p0.99","sample",1,1,0.128212,NaN,"ms/op",LINEAR,1000,1000
"benchmark.Main.benchXGBoostPredictor:benchXGBoostPredictor·p0.999","sample",1,1,0.142741,NaN,"ms/op",LINEAR,1000,1000
"benchmark.Main.benchXGBoostPredictor:benchXGBoostPredictor·p0.9999","sample",1,1,0.171520,NaN,"ms/op",LINEAR,1000,1000
"benchmark.Main.benchXGBoostPredictor:benchXGBoostPredictor·p1.00","sample",1,1,0.171520,NaN,"ms/op",LINEAR,1000,1000
"benchmark.Main.benchXGBoostPredictor","sample",1,20331,3.887132,0.003373,"ms/op",TREE,100,100
"benchmark.Main.benchXGBoostPredictor:benchXGBoostPredictor·p0.00","sample",1,1,3.719168,NaN,"ms/op",TREE,100,100
"benchmark.Main.benchXGBoostPredictor:benchXGBoostPredictor·p0.50","sample",1,1,3.850240,NaN,"ms/op",TREE,100,100
"benchmark.Main.benchXGBoostPredictor:benchXGBoostPredictor·p0.90","sample",1,1,4.018176,NaN,"ms/op",TREE,100,100
"benchmark.Main.benchXGBoostPredictor:benchXGBoostPredictor·p0.95","sample",1,1,4.153344,NaN,"ms/op",TREE,100,100
"benchmark.Main.benchXGBoostPredictor:benchXGBoostPredictor·p0.99","sample",1,1,4.456448,NaN,"ms/op",TREE,100,100
"benchmark.Main.benchXGBoostPredictor:benchXGBoostPredictor·p0.999","sample",1,1,5.341217,NaN,"ms/op",TREE,100,100
"benchmark.Main.benchXGBoostPredictor:benchXGBoostPredictor·p0.9999","sample",1,1,6.003920,NaN,"ms/op",TREE,100,100
"benchmark.Main.benchXGBoostPredictor:benchXGBoostPredictor·p1.00","sample",1,1,6.373376,NaN,"ms/op",TREE,100,100
"benchmark.Main.benchXGBoostPredictor","sample",1,3545,25.628893,0.057250,"ms/op",TREE,100,500
"benchmark.Main.benchXGBoostPredictor:benchXGBoostPredictor·p0.00","sample",1,1,22.839296,NaN,"ms/op",TREE,100,500
"benchmark.Main.benchXGBoostPredictor:benchXGBoostPredictor·p0.50","sample",1,1,25.591808,NaN,"ms/op",TREE,100,500
"benchmark.Main.benchXGBoostPredictor:benchXGBoostPredictor·p0.90","sample",1,1,26.869760,NaN,"ms/op",TREE,100,500
"benchmark.Main.benchXGBoostPredictor:benchXGBoostPredictor·p0.95","sample",1,1,27.328512,NaN,"ms/op",TREE,100,500
"benchmark.Main.benchXGBoostPredictor:benchXGBoostPredictor·p0.99","sample",1,1,28.213248,NaN,"ms/op",TREE,100,500
"benchmark.Main.benchXGBoostPredictor:benchXGBoostPredictor·p0.999","sample",1,1,32.486588,NaN,"ms/op",TREE,100,500
"benchmark.Main.benchXGBoostPredictor:benchXGBoostPredictor·p0.9999","sample",1,1,35.061760,NaN,"ms/op",TREE,100,500
"benchmark.Main.benchXGBoostPredictor:benchXGBoostPredictor·p1.00","sample",1,1,35.061760,NaN,"ms/op",TREE,100,500
"benchmark.Main.benchXGBoostPredictor","sample",1,1842,50.445678,0.172356,"ms/op",TREE,100,1000
"benchmark.Main.benchXGBoostPredictor:benchXGBoostPredictor·p0.00","sample",1,1,43.581440,NaN,"ms/op",TREE,100,1000
"benchmark.Main.benchXGBoostPredictor:benchXGBoostPredictor·p0.50","sample",1,1,50.528256,NaN,"ms/op",TREE,100,1000
"benchmark.Main.benchXGBoostPredictor:benchXGBoostPredictor·p0.90","sample",1,1,53.280768,NaN,"ms/op",TREE,100,1000
"benchmark.Main.benchXGBoostPredictor:benchXGBoostPredictor·p0.95","sample",1,1,53.805056,NaN,"ms/op",TREE,100,1000
"benchmark.Main.benchXGBoostPredictor:benchXGBoostPredictor·p0.99","sample",1,1,55.124951,NaN,"ms/op",TREE,100,1000
"benchmark.Main.benchXGBoostPredictor:benchXGBoostPredictor·p0.999","sample",1,1,60.745646,NaN,"ms/op",TREE,100,1000
"benchmark.Main.benchXGBoostPredictor:benchXGBoostPredictor·p0.9999","sample",1,1,69.861376,NaN,"ms/op",TREE,100,1000
"benchmark.Main.benchXGBoostPredictor:benchXGBoostPredictor·p1.00","sample",1,1,69.861376,NaN,"ms/op",TREE,100,1000
"benchmark.Main.benchXGBoostPredictor","sample",1,12958,4.039152,0.006364,"ms/op",TREE,500,100
"benchmark.Main.benchXGBoostPredictor:benchXGBoostPredictor·p0.00","sample",1,1,3.756032,NaN,"ms/op",TREE,500,100
"benchmark.Main.benchXGBoostPredictor:benchXGBoostPredictor·p0.50","sample",1,1,3.981312,NaN,"ms/op",TREE,500,100
"benchmark.Main.benchXGBoostPredictor:benchXGBoostPredictor·p0.90","sample",1,1,4.276224,NaN,"ms/op",TREE,500,100
"benchmark.Main.benchXGBoostPredictor:benchXGBoostPredictor·p0.95","sample",1,1,4.415488,NaN,"ms/op",TREE,500,100
"benchmark.Main.benchXGBoostPredictor:benchXGBoostPredictor·p0.99","sample",1,1,5.093949,NaN,"ms/op",TREE,500,100
"benchmark.Main.benchXGBoostPredictor:benchXGBoostPredictor·p0.999","sample",1,1,5.488976,NaN,"ms/op",TREE,500,100
"benchmark.Main.benchXGBoostPredictor:benchXGBoostPredictor·p0.9999","sample",1,1,6.783575,NaN,"ms/op",TREE,500,100
"benchmark.Main.benchXGBoostPredictor:benchXGBoostPredictor·p1.00","sample",1,1,7.004160,NaN,"ms/op",TREE,500,100
"benchmark.Main.benchXGBoostPredictor","sample",1,2912,24.807897,0.051482,"ms/op",TREE,500,500
"benchmark.Main.benchXGBoostPredictor:benchXGBoostPredictor·p0.00","sample",1,1,22.315008,NaN,"ms/op",TREE,500,500
"benchmark.Main.benchXGBoostPredictor:benchXGBoostPredictor·p0.50","sample",1,1,24.805376,NaN,"ms/op",TREE,500,500
"benchmark.Main.benchXGBoostPredictor:benchXGBoostPredictor·p0.90","sample",1,1,25.722880,NaN,"ms/op",TREE,500,500
"benchmark.Main.benchXGBoostPredictor:benchXGBoostPredictor·p0.95","sample",1,1,26.017792,NaN,"ms/op",TREE,500,500
"benchmark.Main.benchXGBoostPredictor:benchXGBoostPredictor·p0.99","sample",1,1,27.164672,NaN,"ms/op",TREE,500,500
"benchmark.Main.benchXGBoostPredictor:benchXGBoostPredictor·p0.999","sample",1,1,31.495750,NaN,"ms/op",TREE,500,500
"benchmark.Main.benchXGBoostPredictor:benchXGBoostPredictor·p0.9999","sample",1,1,31.850496,NaN,"ms/op",TREE,500,500
"benchmark.Main.benchXGBoostPredictor:benchXGBoostPredictor·p1.00","sample",1,1,31.850496,NaN,"ms/op",TREE,500,500
"benchmark.Main.benchXGBoostPredictor","sample",1,1393,48.548485,0.150319,"ms/op",TREE,500,1000
"benchmark.Main.benchXGBoostPredictor:benchXGBoostPredictor·p0.00","sample",1,1,45.154304,NaN,"ms/op",TREE,500,1000
"benchmark.Main.benchXGBoostPredictor:benchXGBoostPredictor·p0.50","sample",1,1,48.365568,NaN,"ms/op",TREE,500,1000
"benchmark.Main.benchXGBoostPredictor:benchXGBoostPredictor·p0.90","sample",1,1,50.003968,NaN,"ms/op",TREE,500,1000
"benchmark.Main.benchXGBoostPredictor:benchXGBoostPredictor·p0.95","sample",1,1,50.613453,NaN,"ms/op",TREE,500,1000
"benchmark.Main.benchXGBoostPredictor:benchXGBoostPredictor·p0.99","sample",1,1,54.930964,NaN,"ms/op",TREE,500,1000
"benchmark.Main.benchXGBoostPredictor:benchXGBoostPredictor·p0.999","sample",1,1,68.526539,NaN,"ms/op",TREE,500,1000
"benchmark.Main.benchXGBoostPredictor:benchXGBoostPredictor·p0.9999","sample",1,1,70.385664,NaN,"ms/op",TREE,500,1000
"benchmark.Main.benchXGBoostPredictor:benchXGBoostPredictor·p1.00","sample",1,1,70.385664,NaN,"ms/op",TREE,500,1000
"benchmark.Main.benchXGBoostPredictor","sample",1,9109,4.481223,0.010723,"ms/op",TREE,1000,100
"benchmark.Main.benchXGBoostPredictor:benchXGBoostPredictor·p0.00","sample",1,1,4.227072,NaN,"ms/op",TREE,1000,100
"benchmark.Main.benchXGBoostPredictor:benchXGBoostPredictor·p0.50","sample",1,1,4.382720,NaN,"ms/op",TREE,1000,100
"benchmark.Main.benchXGBoostPredictor:benchXGBoostPredictor·p0.90","sample",1,1,4.743168,NaN,"ms/op",TREE,1000,100
"benchmark.Main.benchXGBoostPredictor:benchXGBoostPredictor·p0.95","sample",1,1,5.193728,NaN,"ms/op",TREE,1000,100
"benchmark.Main.benchXGBoostPredictor:benchXGBoostPredictor·p0.99","sample",1,1,5.824512,NaN,"ms/op",TREE,1000,100
"benchmark.Main.benchXGBoostPredictor:benchXGBoostPredictor·p0.999","sample",1,1,6.884147,NaN,"ms/op",TREE,1000,100
"benchmark.Main.benchXGBoostPredictor:benchXGBoostPredictor·p0.9999","sample",1,1,7.979008,NaN,"ms/op",TREE,1000,100
"benchmark.Main.benchXGBoostPredictor:benchXGBoostPredictor·p1.00","sample",1,1,7.979008,NaN,"ms/op",TREE,1000,100
"benchmark.Main.benchXGBoostPredictor","sample",1,2228,27.428993,0.093303,"ms/op",TREE,1000,500
"benchmark.Main.benchXGBoostPredictor:benchXGBoostPredictor·p0.00","sample",1,1,23.822336,NaN,"ms/op",TREE,1000,500
"benchmark.Main.benchXGBoostPredictor:benchXGBoostPredictor·p0.50","sample",1,1,27.426816,NaN,"ms/op",TREE,1000,500
"benchmark.Main.benchXGBoostPredictor:benchXGBoostPredictor·p0.90","sample",1,1,29.035725,NaN,"ms/op",TREE,1000,500
"benchmark.Main.benchXGBoostPredictor:benchXGBoostPredictor·p0.95","sample",1,1,29.523968,NaN,"ms/op",TREE,1000,500
"benchmark.Main.benchXGBoostPredictor:benchXGBoostPredictor·p0.99","sample",1,1,31.021793,NaN,"ms/op",TREE,1000,500
"benchmark.Main.benchXGBoostPredictor:benchXGBoostPredictor·p0.999","sample",1,1,34.664546,NaN,"ms/op",TREE,1000,500
"benchmark.Main.benchXGBoostPredictor:benchXGBoostPredictor·p0.9999","sample",1,1,35.979264,NaN,"ms/op",TREE,1000,500
"benchmark.Main.benchXGBoostPredictor:benchXGBoostPredictor·p1.00","sample",1,1,35.979264,NaN,"ms/op",TREE,1000,500
"benchmark.Main.benchXGBoostPredictor","sample",1,1160,52.854219,0.265251,"ms/op",TREE,1000,1000
"benchmark.Main.benchXGBoostPredictor:benchXGBoostPredictor·p0.00","sample",1,1,46.268416,NaN,"ms/op",TREE,1000,1000
"benchmark.Main.benchXGBoostPredictor:benchXGBoostPredictor·p0.50","sample",1,1,52.822016,NaN,"ms/op",TREE,1000,1000
"benchmark.Main.benchXGBoostPredictor:benchXGBoostPredictor·p0.90","sample",1,1,54.984704,NaN,"ms/op",TREE,1000,1000
"benchmark.Main.benchXGBoostPredictor:benchXGBoostPredictor·p0.95","sample",1,1,55.836672,NaN,"ms/op",TREE,1000,1000
"benchmark.Main.benchXGBoostPredictor:benchXGBoostPredictor·p0.99","sample",1,1,60.049981,NaN,"ms/op",TREE,1000,1000
"benchmark.Main.benchXGBoostPredictor:benchXGBoostPredictor·p0.999","sample",1,1,104.471724,NaN,"ms/op",TREE,1000,1000
"benchmark.Main.benchXGBoostPredictor:benchXGBoostPredictor·p0.9999","sample",1,1,110.886912,NaN,"ms/op",TREE,1000,1000
"benchmark.Main.benchXGBoostPredictor:benchXGBoostPredictor·p1.00","sample",1,1,110.886912,NaN,"ms/op",TREE,1000,1000